school_id,school,district_id
10,ABRAHAM LINCOLN HIGH SCHOOL,880
11,ACADEMY CHARTER SCHOOL,900
12,ACRES GREEN ELEMENTARY SCHOOL,900
14,GLACIER PEAK ELEMENTARY SCHOOL,20
15,ACADEMY OF CHARTER SCHOOLS,20
16,FOX HOLLOW ELEMENTARY SCHOOL,130
17,ACADEMY ENDEAVOUR ELEMENTARY SCHOOL,1040
18,LIBERTY MIDDLE SCHOOL,130
19,ACADEMY INTERNATIONAL ELEMENTARY SCHOOL,1040
20,ADAMS CITY MIDDLE SCHOOL,30
22,LESTER R ARNOLD HIGH SCHOOL,30
24,ADAMS CITY HIGH SCHOOL,30
25,SKY VIEW MIDDLE SCHOOL,2700
26,DESERT SAGE ELEMENTARY SCHOOL,2700
29,ADULT & FAMILY LITERACY,980
30,ADAMS ELEMENTARY SCHOOL,1420
33,MC LAIN HIGH SCHOOL,1420
34,MC LAIN COMMUNITY HIGH SCHOOL,1420
35,FRONTIER CHARTER ACADEMY,970
37,RED HILL ELEMENTARY SCHOOL,910
38,BRUSH CREEK ELEMENTARY SCHOOL,910
39,GYPSUM CREEK MIDDLE SCHOOL,910
40,RIDGE VIEW ACADEMY CHARTER SCHOOL,880
42,ASPEN COMMUNITY CHARTER SCHOOL,2640
44,AGATE ELEMENTARY SCHOOL,960
48,AGATE JUNIOR-SENIOR HIGH SCHOOL,960
50,RICO ELEMENTARY SCHOOL,890
51,THE ACADEMIC RECOVERY CENTER OF SAN LUIS VALLEY,2810
52,HEIMAN ELEMENTARY SCHOOL,3120
53,WINOGRAD K-8 ELEMENTARY SCHOOL,3120
54,ROMERO ELEMENTARY SCHOOL,3120
55,GRANDVIEW ELEMENTARY SCHOOL,3100
56,FOWLER ELEMENTARY SCHOOL,2540
57,ROCKY TOP MIDDLE SCHOOL,20
58,AGUILAR ELEMENTARY SCHOOL,1620
59,MERIDIAN ELEMENTARY SCHOOL,20
60,LEGACY ELEMENTARY SCHOOL,470
61,ALPINE ELEMENTARY SCHOOL,470
63,PEAKVIEW SCHOOL,1390
64,ARCHULETA COUNTY HIGH SCHOOL,220
65,COAL RIDGE HIGH SCHOOL,1195
66,AGUILAR JUNIOR-SENIOR HIGH SCHOOL,1620
67,ACADEMY OF URBAN LEARNING,880
74,CHALLENGER MIDDLE SCHOOL,1040
75,ANIMAS HIGH SCHOOL,8001
76,AIR ACADEMY HIGH SCHOOL,1040
86,AKRON ELEMENTARY SCHOOL,3030
90,AKRON HIGH SCHOOL,3030
108,ALAMEDA HIGH SCHOOL,1420
109,ARVADA K-8,1420
110,ACADEMY ONLINE HIGH SCHOOL,1040
114,ORTEGA MIDDLE SCHOOL,100
118,ALAMOSA HIGH SCHOOL,100
119,ALAMOSA OPEN SCHOOL,100
125,ARAPAHOE RIDGE HIGH SCHOOL,480
133,EMERSON STREET SCHOOL,880
138,ALICE TERRY ELEMENTARY SCHOOL,123
141,SKY VISTA MIDDLE SCHOOL,130
146,RIDGEVIEW CLASSICAL CHARTER SCHOOLS,1550
148,ALLENDALE ELEMENTARY SCHOOL,1420
186,ALSUP ELEMENTARY SCHOOL,30
187,MAPLETON EXPEDITIONARY SCHOOL OF THE ARTS,10
200,ALTA VISTA CHARTER SCHOOL,2660
201,DANIEL C OAKES HIGH SCHOOL--CASTLE ROCK,900
202,SMITH HIGH SCHOOL,1828
203,LORRAINE SECONDARY SCHOOL,1000
205,RED CANYON HIGH SCHOOL,910
206,COLORADO'S FINEST ALTERNATIVE HIGH SCHOOL,120
209,ASPEN VALLEY HIGH SCHOOL,1040
210,VANTAGE POINT,20
212,MAPLETON EARLY COLLEGE HIGH SCHOOL,10
213,AXL ACADEMY,180
214,ALTURA ELEMENTARY SCHOOL,180
215,AMERICAN ACADEMY AT CASTLE PINES CHARTER,900
219,APS ONLINE SCHOOL,180
220,AMESSE ELEMENTARY SCHOOL,880
221,WELBY NEW TECHNOLOGY,10
225,ANIMAS VALLEY ELEMENTARY SCHOOL,1520
226,ALTONA MIDDLE SCHOOL,470
242,ANTELOPE RIDGE ELEMENTARY SCHOOL,130
243,COYOTE HILLS ELEMENTARY SCHOOL,130
248,GUADALUPE ELEMENTARY SCHOOL,580
249,ANTELOPE TRAILS ELEMENTARY SCHOOL,1040
250,ANTONITO JUNIOR HIGH SCHOOL,580
252,ANTONITO HIGH SCHOOL,580
262,APPLETON ELEMENTARY SCHOOL,2000
263,GLOBAL LEADERSHIP ACADEMY,10
264,CIMARRON MIDDLE,900
265,CLEAR SKY ELEMENTARY,900
266,GOLD RUSH ELEMENTARY,900
267,MESA MIDDLE SCHOOL,900
269,ACHIEVEK12,1010
298,ARAPAHOE HIGH SCHOOL,140
301,ARAPAHOE RIDGE ELEMENTARY SCHOOL,20
304,ARICKAREE ELEMENTARY SCHOOL,3040
308,ARICKAREE UNDIVIDED HIGH SCHOOL,3040
309,SKYVIEW ACADEMY HIGH SCHOOL,10
310,ARKANSAS ELEMENTARY SCHOOL,180
348,ARROWHEAD ELEMENTARY SCHOOL,130
354,ARROWWOOD ELEMENTARY SCHOOL,900
361,FRUITA 8/9 SCHOOL,2000
362,RIM ROCK ELEMENTARY SCHOOL,2000
363,PEAR PARK ELEMENTARY SCHOOL,2000
366,ARVADA MIDDLE SCHOOL,1420
370,ARVADA HIGH SCHOOL,1420
378,ARVADA WEST HIGH SCHOOL,1420
388,ASBURY ELEMENTARY SCHOOL,880
408,VALDEZ ELEMENTARY SCHOOL,880
418,ASHLEY ELEMENTARY SCHOOL,880
428,ASPEN ELEMENTARY SCHOOL,2640
429,CARBONDALE COMMUNITY CHARTER SCHOOL,1180
430,ASPEN MIDDLE SCHOOL,2640
432,ASPEN HIGH SCHOOL,2640
441,ASPEN CREEK K-8 SCHOOL,480
442,ASPEN CROSSING ELEMENTARY SCHOOL,130
452,AUDUBON ELEMENTARY SCHOOL,1010
458,AURORA ACADEMY CHARTER SCHOOL,180
464,AURORA HILLS MIDDLE SCHOOL,180
465,AURORA FRONTIER K-8,180
469,ATLAS PREPARATORY SCHOOL,980
471,AVON ELEMENTARY SCHOOL,910
472,AVONDALE ELEMENTARY SCHOOL,2700
477,ZACH ELEMENTARY SCHOOL,1550
490,BACON ELEMENTARY SCHOOL,1550
492,BAKER CENTRAL SCHOOL,2405
498,BETHKE ELEMENTARY SCHOOL,1550
501,MONTEREY COMMUNITY SCHOOL,10
502,MEADOW COMMUNITY SCHOOL,10
503,YORK INTERNATIONAL,10
504,HIGHLAND MONTESSORI SCHOOL,10
505,ACHIEVE ACADEMY,10
506,EXPLORE ELEMENTARY,10
507,ADVENTURE ELEMENTARY,10
508,ENRICHMENT ACADEMY,10
509,CLAYTON PARTNERSHIP SCHOOL,10
510,CONRAD BALL MIDDLE SCHOOL,1560
515,AYRES ELEMENTARY SCHOOL,1828
517,ACADEMY FOR ADVANCED AND CREATIVE LEARNING,1010
520,BARNUM ELEMENTARY SCHOOL,880
540,BARRETT ELEMENTARY SCHOOL,880
555,BANNING LEWIS RANCH ACADEMY,1110
560,BASALT ELEMENTARY SCHOOL,1180
561,BASALT MIDDLE SCHOOL,1180
570,BASALT HIGH SCHOOL,1180
594,BATES ELEMENTARY SCHOOL,1010
604,BATTLE MOUNTAIN HIGH SCHOOL,910
609,BATTLE ROCK CHARTER SCHOOL,2035
612,BAUDER ELEMENTARY SCHOOL,1550
632,BAYFIELD ELEMENTARY SCHOOL,1530
636,BAYFIELD MIDDLE SCHOOL,1530
640,BAYFIELD HIGH SCHOOL,1530
650,BEACH COURT ELEMENTARY SCHOOL,880
651,BEAR CANYON ELEMENTARY SCHOOL,900
652,BEAR CREEK ELEMENTARY SCHOOL,480
653,STONE CREEK SCHOOL,8001
654,THE PINNACLE CHARTER SCHOOL ELEMENTARY,8001
655,HIGH POINT ACADEMY,8001
656,COLORADO DISTANCE & ELECTRONIC LEARNING ACADEMY,8001
657,T.R. PAUL ACADEMY OF ARTS & KNOWLEDGE,8001
660,BEAR CREEK K-8 SCHOOL,1420
664,BEAR CREEK HIGH SCHOOL,1420
678,BEATTIE ELEMENTARY SCHOOL,1550
694,BELL MIDDLE SCHOOL,1420
700,BELLE CREEK CHARTER SCHOOL,40
714,BELLEVIEW ELEMENTARY SCHOOL,130
724,BELMAR ELEMENTARY SCHOOL,1420
738,BELMONT ELEMENTARY SCHOOL,2690
752,FRANKLIN ELEMENTARY SCHOOL,140
754,BENJAMIN EATON ELEMENTARY SCHOOL,3085
756,BENJAMIN FRANKLIN ELEMENTARY SCHOOL,2690
766,BENNETT ELEMENTARY SCHOOL,1550
770,BENNETT ELEMENTARY SCHOOL,50
774,BENNETT MIDDLE SCHOOL,50
775,BENNETT HIGH SCHOOL,50
776,BERGEN MEADOW PRIMARY SCHOOL,1420
779,BERGEN VALLEY INTERMEDIATE SCHOOL,1420
793,BERRY CREEK MIDDLE SCHOOL,910
808,BERTHOUD ELEMENTARY SCHOOL,1560
812,BERTHOUD HIGH SCHOOL,1560
822,BESSEMER ELEMENTARY SCHOOL,2690
832,BETHUNE ELEMENTARY SCHOOL,1490
842,BETHUNE JUNIOR-SENIOR HIGH SCHOOL,1490
852,BEULAH ELEMENTARY SCHOOL,2700
856,BEULAH MIDDLE SCHOOL,2700
860,BEULAH HEIGHTS ELEMENTARY SCHOOL,2690
865,B F KITCHEN ELEMENTARY SCHOOL,1560
870,BIG THOMPSON ELEMENTARY SCHOOL,1560
871,THE BIJOU SCHOOL,1010
872,BIRCH ELEMENTARY SCHOOL,480
875,BLACK ROCK ELEMENTARY,470
878,BLUE MOUNTAIN ELEMENTARY,470
890,MARY BLAIR ELEMENTARY SCHOOL,1560
892,BLEVINS MIDDLE SCHOOL,1550
898,BOLTZ MIDDLE SCHOOL,1550
900,BOOKCLIFF MIDDLE SCHOOL,2000
914,BOSTON K-8 SCHOOL,180
919,BOULDER COMMUNITY SCHOOL/INTEGRATED STUDIES,480
924,BOULDER HIGH SCHOOL,480
930,BOULDER UNIVERSAL,480
934,BOULDER PREP CHARTER HIGH SCHOOL,480
944,BOYD ELEMENTARY SCHOOL,100
948,BRANSON SCHOOL ONLINE,1750
950,BRADFORD PRIMARY SCHOOL,1420
951,BLUE HERON ELEMENTARY SCHOOL,1420
952,BRADFORD INTERMEDIATE SCHOOL,1420
954,BRADFORD ELEMENTARY SCHOOL,2690
964,BRADLEY ELEMENTARY SCHOOL,880
965,BRADY EXPLORATION SCHOOL,1420
974,BRANSON ELEMENTARY SCHOOL,1750
978,BRANSON UNDIVIDED HIGH SCHOOL,1750
979,BRANSON SCHOOL ONLINE GED PREP,1750
988,BRENTWOOD MIDDLE SCHOOL,3120
1000,BRICKER ELEMENTARY SCHOOL,980
1006,BRIDGES,1180
1008,BRIGGSDALE ELEMENTARY SCHOOL,3146
1012,BRIGGSDALE UNDIVIDED HIGH SCHOOL,3146
1021,BRIGHTON HERITAGE ACADEMY,40
1022,BRIGHTON HIGH SCHOOL,40
1027,BRIGHTON COLLEGIATE HIGH SCHOOL,40
1032,BRISTOL ELEMENTARY SCHOOL,1010
1046,BROADWAY ELEMENTARY SCHOOL,2000
1052,BROMLEY EAST CHARTER SCHOOL,40
1056,BROMWELL ELEMENTARY SCHOOL,880
1066,BROOMFIELD HEIGHTS MIDDLE SCHOOL,480
1070,BROOMFIELD HIGH SCHOOL,480
1076,BROWN ELEMENTARY SCHOOL,880
1094,BRUSH MIDDLE SCHOOL,2395
1096,BRUSH HIGH SCHOOL,2395
1106,BRYANT WEBSTER K-8 SCHOOL,880
1126,BUENA VISTA ELEMENTARY SCHOOL,1010
1130,BUENA VISTA HIGH SCHOOL,490
1131,BUFFALO RIDGE ELEMENTARY SCHOOL,900
1132,HARRY L MC GINNIS MIDDLE SCHOOL,490
1136,MANHATTAN MIDDLE SCHOOL OF THE ARTS AND ACADEMICS,480
1144,BURLINGTON ELEMENTARY SCHOOL,1500
1148,BURLINGTON ELEMENTARY SCHOOL,470
1150,BURLINGTON MIDDLE SCHOOL,1500
1152,BURLINGTON HIGH SCHOOL,1500
1154,BUENA VISTA ONLINE ACADEMY,490
1155,BUFFALO TRAIL ELEMENTARY SCHOOL,130
1168,BYERS ELEMENTARY SCHOOL,190
1176,BYERS JUNIOR-SENIOR HIGH SCHOOL,190
1186,CACHE LA POUDRE ELEMENTARY SCHOOL,1550
1190,CACHE LA POUDRE MIDDLE SCHOOL,1550
1210,CALHAN ELEMENTARY SCHOOL,970
1215,CALHAN MIDDLE SCHOOL,970
1218,CALHAN HIGH SCHOOL,970
1220,CALICHE ELEMENTARY SCHOOL,1828
1224,CALICHE JUNIOR-SENIOR HIGH SCHOOL,1828
1228,CAMERON ELEMENTARY SCHOOL,3120
1238,CAMPBELL ELEMENTARY SCHOOL,1420
1245,CENTENNIAL ELEMENTARY,470
1248,CAMPO ELEMENTARY SCHOOL,270
1252,CAMPO UNDIVIDED HIGH SCHOOL,270
1262,CANON CITY MIDDLE SCHOOL,1140
1266,CANON CITY HIGH SCHOOL,1140
1273,CANYON CREEK ELEMENTARY SCHOOL,130
1276,CENTAURI MIDDLE SCHOOL,550
1279,CAPROCK ACADEMY,8001
1284,CARBON VALLEY ACADEMY,470
1296,CARBONDALE MIDDLE SCHOOL,1180
1299,CARDINAL COMMUNITY ACADEMY CHARTER SCHOOL,3090
1304,CARLILE ELEMENTARY SCHOOL,2690
1306,CARMEL MIDDLE SCHOOL,980
1318,CARMODY MIDDLE SCHOOL,1420
1319,FRED N THOMAS CAREER EDUCATION CENTER,880
1321,CAMPBELL ELEMENTARY SCHOOL,1828
1323,CARRIE MARTIN ELEMENTARY SCHOOL,1560
1324,CARSON ELEMENTARY SCHOOL,880
1332,CARSON MIDDLE SCHOOL,1000
1334,ABRAMS ELEMENTARY SCHOOL,1000
1340,CARVER ELEMENTARY SCHOOL,1010
1345,CESAR CHAVEZ ACADEMY DENVER,880
1352,CASEY MIDDLE SCHOOL,480
1362,CASTLE ROCK ELEMENTARY SCHOOL,900
1367,CASTLE VIEW HIGH SCHOOL,900
1372,CEDAREDGE HIGH SCHOOL,870
1375,CEDAREDGE MIDDLE SCHOOL,870
1376,SCHOLARS TO LEADERS ACADEMY,8001
1377,CEDAR RIDGE ELEMENTARY SCHOOL,2700
1378,CENTAURI HIGH SCHOOL,550
1380,CENTAURUS HIGH SCHOOL,480
1382,CENTENNIAL ACADEMY OF FINE ARTS EDUCATION,140
1383,CENTENNIAL ELEMENTARY SCHOOL,980
1384,CENTENNIAL ELEMENTARY SCHOOL,3120
1385,CENTENNIAL ELEMENTARY SCHOOL,1560
1386,TRINIDAD MIDDLE SCHOOL,1580
1388,CENTENNIAL ELEMENTARY SCHOOL,20
1390,CENTENNIAL MIDDLE SCHOOL,480
1392,CENTENNIAL MIDDLE SCHOOL,2180
1396,CENTENNIAL JUNIOR HIGH SCHOOL,640
1398,CENTENNIAL HIGH SCHOOL,640
1400,CENTENNIAL K-8 SCHOOL,880
1402,CENTENNIAL HIGH SCHOOL,2690
1412,HASKIN ELEMENTARY SCHOOL,2810
1416,SKOGLUND MIDDLE SCHOOL,2810
1420,CENTER HIGH SCHOOL,2810
1426,CENTRAL ELEMENTARY SCHOOL,30
1434,CENTRAL ELEMENTARY SCHOOL,470
1438,BEAVER VALLEY ELEMENTARY SCHOOL,2395
1446,WELD CENTRAL SENIOR HIGH SCHOOL,3090
1450,CENTRAL HIGH SCHOOL,2000
1454,CENTRAL HIGH SCHOOL,2690
1458,AURORA CENTRAL HIGH SCHOOL,180
1470,CENTURY ELEMENTARY SCHOOL,180
1480,CENTURY MIDDLE SCHOOL,20
1488,CESAR CHAVEZ ACADEMY,2690
1490,CHAMBERLIN ACADEMY,980
1500,CHAPPELOW K-8 MAGNET SCHOOL,3120
1503,CHAPARRAL HIGH SCHOOL,900
1504,GOODNIGHT ELEMENTARY SCHOOL,2690
1508,CHAFFEE COUNTY HIGH SCHOOL,490
1510,CHALLENGE SCHOOL,130
1512,CHALLENGE TO EXCELLENCE CHARTER SCHOOL,900
1514,CHARLES HAY WORLD SCHOOL,120
1519,STARGATE CHARTER SCHOOL,20
1520,CHATFIELD ELEMENTARY SCHOOL,2000
1522,CHATFIELD HIGH SCHOOL,1420
1528,CHELTENHAM ELEMENTARY SCHOOL,880
1538,CHERAW ELEMENTARY SCHOOL,2560
1546,CHERAW HIGH SCHOOL,2560
1548,CHERAW MIDDLE SCHOOL,2560
1551,CHEROKEE TRAIL HIGH SCHOOL,130
1556,CHERRELYN ELEMENTARY SCHOOL,120
1566,CAMPUS MIDDLE SCHOOL,130
1568,WEST MIDDLE SCHOOL,130
1570,CHERRY CREEK HIGH SCHOOL,130
1571,CHERRY CREEK CHARTER ACADEMY,130
1572,HIGH PLAINS ELEMENTARY SCHOOL,130
1574,CHERRY HILLS VILLAGE ELEMENTARY SCHOOL,130
1578,CHERRY VALLEY ELEMENTARY SCHOOL,900
1579,NORTH STAR ACADEMY,900
1582,CHEYENNE MOUNTAIN CHARTER ACADEMY,1020
1586,CHEYENNE MOUNTAIN ELEMENTARY SCHOOL,1020
1588,CHEYENNE MOUNTAIN JUNIOR HIGH SCHOOL,1020
1590,CHEYENNE MOUNTAIN HIGH SCHOOL,1020
1592,BROADMOOR ELEMENTARY SCHOOL,1020
1604,SKYWAY PARK ELEMENTARY SCHOOL,1020
1608,CHEYENNE WELLS ELEMENTARY SCHOOL,520
1610,CHEYENNE WELLS MIDDLE SCHOOL,520
1612,CHEYENNE WELLS HIGH SCHOOL,520
1613,CHIPETA ELEMENTARY SCHOOL,1010
1614,CIMARRON ELEMENTARY SCHOOL,130
1615,CHINOOK TRAIL ELEMENTARY SCHOOL,1040
1616,CIVA CHARTER ACADEMY,1010
1618,EVANS INTERNATIONAL ELEMENTARY SCHOOL,1110
1619,CHIPETA ELEMENTARY SCHOOL,2000
1622,CLARA E. METZ ELEMENTARY SCHOOL,70
1625,MCAULIFFE ELEMENTARY,1010
1627,THE CLASSICAL ACADEMY CHARTER,1040
1629,THE CLASSICAL ACADEMY MIDDLE SCHOOL,1040
1630,THE CLASSICAL ACADEMY HIGH SCHOOL,1040
1632,GILPIN COUNTY ELEMENTARY SCHOOL,1330
1634,GILPIN COUNTY UNDIVIDED HIGH SCHOOL,1330
1652,CLAYTON ELEMENTARY SCHOOL,120
1660,CLEAR CREEK MIDDLE SCHOOL,540
1666,CLEAR LAKE MIDDLE SCHOOL,70
1686,CLIFTON ELEMENTARY SCHOOL,2000
1720,CLYDE MILLER K-8,180
1725,COAL CREEK ELEMENTARY SCHOOL,480
1730,COAL CREEK CANYON K-8 ELEMENTARY SCHOOL,1420
1748,COLORADO HIGH SCHOOL,880
1752,COLORADO VIRTUAL ACADEMY (COVA),20
1774,COLFAX ELEMENTARY SCHOOL,880
1780,COLORADO HIGH SCHOOL OF GREELEY,3120
1781,COLORADO ONLINE ACADEMY (COLA),260
1785,COLE ARTS AND SCIENCE ACADEMY,880
1788,COLLEGE VIEW ELEMENTARY SCHOOL,880
1790,COLOROW ELEMENTARY SCHOOL,1420
1791,COLORADO SPRINGS CHARTER ACADEMY,8001
1795,COLORADO SPRINGS EARLY COLLEGES,8001
1796,COLORADO CONNECTIONS ACADEMY,10
1798,COLUMBIA ELEMENTARY SCHOOL,1010
1800,COLUMBIA MIDDLE SCHOOL,180
1812,LAS ANIMAS ELEMENTARY SCHOOL,290
1816,COLUMBIAN ELEMENTARY SCHOOL,880
1828,COLUMBIAN ELEMENTARY SCHOOL,2690
1842,COLUMBINE ELEMENTARY SCHOOL,480
1844,COLUMBINE ELEMENTARY SCHOOL,470
1846,COLUMBINE ELEMENTARY SCHOOL,880
1850,COLUMBINE ELEMENTARY SCHOOL,2405
1861,COLUMBINE HILLS ELEMENTARY SCHOOL,1420
1864,COLUMBINE HIGH SCHOOL,1420
1866,ACE COMMUNITY CHALLENGE CHARTER SCHOOL,880
1869,COMPASS MONTESSORI - WHEAT RIDGE CHARTER SCHOOL,1420
1870,CORONADO HIGH SCHOOL,1010
1872,COMMUNITY TRANSITION HOUSE,2690
1873,CORE KNOWLEDGE CHARTER SCHOOL,900
1875,FRONTIER CHARTER ACADEMY,3120
1876,CORONADO ELEMENTARY SCHOOL,1420
1877,COLORADO PROVOST ACADEMY,8001
1878,CORONADO HILLS ELEMENTARY SCHOOL,20
1880,COMPASS MONTESSORI - GOLDEN CHARTER SCHOOL,1420
1882,COMMUNITY LEADERSHIP ACADEMY,30
1883,COMMUNITY MONTESSORI SCHOOL,480
1885,COMMUNITY PREP CHARTER SCHOOL,1010
1886,CONIFER SENIOR HIGH SCHOOL,1420
1887,CONNECTIONS ACADEMY,880
1888,CORTEZ MIDDLE SCHOOL,2035
1889,CORRIDOR COMMUNITY ACADEMY,50
1899,COPPER MESA ELEMENTARY SCHOOL,900
1901,COLORADO CALVERT ACADEMY,8001
1908,CORY ELEMENTARY SCHOOL,880
1914,COTTON CREEK ELEMENTARY SCHOOL,20
1915,COTTONWOOD ELEMENTARY SCHOOL,2180
1916,COTTONWOOD CREEK ELEMENTARY SCHOOL,130
1920,COTTONWOOD PLAINS ELEMENTARY SCHOOL,1560
1925,COUGAR RUN ELEMENTARY SCHOOL,900
1928,COWELL ELEMENTARY SCHOOL,880
1934,COYOTE CREEK ELEMENTARY SCHOOL,900
1936,SANDROCK ELEMENTARY,2020
1937,COYOTE RIDGE ELEMENTARY SCHOOL,20
1938,CRAIG MIDDLE SCHOOL SCHOOL,2020
1948,CRAWFORD ELEMENTARY SCHOOL,180
1952,CRAWFORD ELEMENTARY SCHOOL,870
1962,LAMB ELEMENTARY SCHOOL,2010
1966,CREEDE JUNIOR-SENIOR HIGH SCHOOL,2010
1967,CROWLEY COUNTY ONLINE ACADEMY,770
1970,CREEKSIDE ELEMENTARY SCHOOL,130
1972,CREEKSIDE MIDDLE SCHOOL,1080
1976,CREIGHTON MIDDLE SCHOOL,1420
1996,CREST VIEW ELEMENTARY SCHOOL,480
2006,CRESTED BUTTE COMMUNITY SCHOOL,1360
2012,CRESTHILL MIDDLE SCHOOL,900
2018,CRESTONE CHARTER SCHOOL,2800
2024,CRIPPLE CREEK-VICTOR JUNIOR-SENIOR HIGH SCHOOL,3010
2027,POLARIS AT EBERT ELEMENTARY SCHOOL,880
2031,CROSSROAD ALTERNATIVE SCHOOL,20
2035,CROWN POINTE CHARTER ACADEMY,70
2050,CROWLEY COUNTY ELEMENTARY SCHOOL,770
2054,CROWLEY COUNTY WARD MIDDLE SCHOOL,770
2058,CROWLEY COUNTY HIGH SCHOOL,770
2063,CRYSTAL RIVER ELEMENTARY SCHOOL,1180
2088,CUSTER COUNTY ELEMENTARY SCHOOL,860
2089,COYOTE RIDGE ELEMENTARY SCHOOL,1560
2091,CUSTER MIDDLE SCHOOL,860
2092,CUSTER COUNTY HIGH SCHOOL,860
2093,DAKOTA RIDGE SENIOR HIGH SCHOOL,1420
2094,DAKOTA VALLEY ELEMENTARY SCHOOL,130
2095,DALTON ELEMENTARY SCHOOL,180
2096,CORWIN INTERNATIONAL MAGNET SCHOOL,2690
2114,DARTMOUTH ELEMENTARY SCHOOL,180
2120,D'EVELYN JUNIOR/SENIOR HIGH SCHOOL,1420
2122,DE BEQUE ELEMENTARY SCHOOL,1980
2125,DENVER GREEN SCHOOL,880
2126,DE BEQUE UNDIVIDED HIGH SCHOOL,1980
2127,DENVER LANGUAGE SCHOOL,880
2128,INDEPENDENCE ACADEMY,2000
2130,DEER CREEK MIDDLE SCHOOL,1420
2136,DEER TRAIL ELEMENTARY SCHOOL,170
2140,DEER TRAIL JUNIOR-SENIOR HIGH SCHOOL,170
2145,DENVER SCHOOL OF SCIENCE AND TECHNOLOGY: GVR,880
2148,DEL NORTE MIDDLE SCHOOL,2730
2150,DEL NORTE HIGH SCHOOL,2730
2152,DELTA ACADEMY OF APPLIED LEARNING,870
2155,DELTA COUNTY OPPORTUNITY SCHOOL,870
2160,DELTA MIDDLE SCHOOL,870
2164,DELTA HIGH SCHOOL,870
2166,DELTA VISION SCHOOL,870
2174,DENISON MONTESSORI SCHOOL,880
2183,DENVER CENTER FOR INTERNATIONAL STUDIES,880
2184,DENVER SCHOOL OF THE ARTS,880
2185,DENVER SCHOOL OF SCIENCE AND TECHNOLOGY,880
2187,DENVER VENTURE CHARTER SCHOOL,880
2194,DEVINNY ELEMENTARY SCHOOL,1420
2195,DISCOVERY CANYON CAMPUS SCHOOL,1040
2202,DOHERTY HIGH SCHOOL,1010
2204,DOLORES ELEMENTARY SCHOOL,2055
2206,DOLORES MIDDLE SCHOOL,2055
2208,DOLORES HIGH SCHOOL,2055
2216,DOVE CREEK HIGH SCHOOL,890
2217,DOLORES HUERTA PREPARATORY HIGH SCHOOL,2690
2222,DOS RIOS ELEMENTARY SCHOOL,3120
2224,DOS RIOS ELEMENTARY SCHOOL,2000
2226,CASTLE ROCK MIDDLE SCHOOL,900
2230,DOUGLAS COUNTY HIGH SCHOOL,900
2232,ROCK RIDGE ELEMENTARY SCHOOL,900
2233,CHEROKEE TRAIL ELEMENTARY SCHOOL,900
2234,EAGLE RIDGE ELEMENTARY SCHOOL,900
2240,DOUGLASS ELEMENTARY SCHOOL,480
2248,DOUGLASS VALLEY ELEMENTARY SCHOOL,1040
2258,DOULL ELEMENTARY SCHOOL,880
2288,DRAKE JUNIOR HIGH SCHOOL,1420
2292,DRY CREEK ELEMENTARY SCHOOL,130
2297,DUAL IMMERSION ACADEMY SCHOOL,2000
2298,DUNN ELEMENTARY SCHOOL,1550
2300,DUNSTAN MIDDLE SCHOOL,1420
2308,DUPONT ELEMENTARY SCHOOL,30
2318,DURANGO HIGH SCHOOL,1520
2322,DUTCH CREEK ELEMENTARY SCHOOL,1420
2328,EADS ELEMENTARY SCHOOL,1430
2332,EADS MIDDLE SCHOOL,1430
2336,EADS HIGH SCHOOL,1430
2338,EAGLE ACADEMY,900
2340,EAGLE COUNTY CHARTER ACADEMY,910
2343,EAGLE CREST ELEMENTARY SCHOOL,470
2346,EAGLE VALLEY ELEMENTARY SCHOOL,910
2350,EAGLE VALLEY HIGH SCHOOL,910
2355,EAGLE VALLEY MIDDLE SCHOOL,910
2357,EAGLECREST HIGH SCHOOL,130
2358,EAGLEVIEW MIDDLE SCHOOL,1040
2361,EAGLEVIEW ELEMENTARY SCHOOL,20
2364,EAGLETON ELEMENTARY SCHOOL,880
2374,EAST ELEMENTARY SCHOOL,2020
2376,EAST GRAND MIDDLE SCHOOL,1350
2382,EAST ELEMENTARY SCHOOL,140
2384,EAST MIDDLE SCHOOL,180
2392,EAST MIDDLE SCHOOL,2000
2394,EAST HIGH SCHOOL,2690
2398,EAST HIGH SCHOOL,880
2399,EAGLE RIDGE ACADEMY,40
2402,POLSTON ELEMENTARY SCHOOL,100
2410,TARVER ELEMENTARY SCHOOL,20
2414,EAST MEMORIAL ELEMENTARY SCHOOL,3120
2428,EASTRIDGE COMMUNITY ELEMENTARY SCHOOL,130
2438,EVA R BACA ELEMENTARY SCHOOL,2690
2448,EATON ELEMENTARY SCHOOL,3085
2452,EATON MIDDLE SCHOOL,3085
2456,EATON HIGH SCHOOL,3085
2481,ECKHART ELEMENTARY SCHOOL,1580
2496,EDGEWATER ELEMENTARY SCHOOL,1420
2504,EDISON ACADEMY,1120
2506,EDISON ELEMENTARY SCHOOL,880
2510,EDISON ELEMENTARY SCHOOL,1010
2514,EDISON ELEMENTARY SCHOOL,1120
2522,HAYDEN VALLEY ELEMENTARY SCHOOL,2760
2523,EDISON PREP,1120
2524,EDITH WOLFORD ELEMENTARY SCHOOL,1040
2526,EDISON JUNIOR-SENIOR HIGH SCHOOL,1120
2528,NIKOLA TESLA EDUCATION OPPORTUNITY CENTER,1010
2530,EDWARDS ELEMENTARY SCHOOL,910
2550,EIBER ELEMENTARY SCHOOL,1420
2552,EISENHOWER ELEMENTARY SCHOOL,480
2570,ELBERT ELEMENTARY SCHOOL,950
2572,LEGACY ACADEMY,920
2573,ELK CREEK ELEMENTARY,1195
2574,ELBERT JUNIOR-SENIOR HIGH SCHOOL,950
2576,CHERRY DRIVE ELEMENTARY SCHOOL,20
2578,SKYVIEW ELEMENTARY SCHOOL,20
2580,HUNTERS GLEN ELEMENTARY SCHOOL,20
2582,ROCKY MOUNTAIN ELEMENTARY SCHOOL,20
2584,RIVERDALE ELEMENTARY SCHOOL,20
2589,ELDORADO K-8 SCHOOL,480
2604,ELIZABETH MIDDLE SCHOOL,920
2608,ELIZABETH HIGH SCHOOL,920
2616,ELK CREEK ELEMENTARY SCHOOL,1420
2618,ELKHART ELEMENTARY SCHOOL,180
2620,FOUNTAIN INTERNATIONAL MAGNET SCHOOL,2690
2638,ELLICOTT ELEMENTARY SCHOOL,1050
2640,ELLICOTT MIDDLE SCHOOL,1050
2642,ELLICOTT SENIOR HIGH SCHOOL,1050
2652,ELLIS ELEMENTARY SCHOOL,880
2656,ELDORADO ELEMENTARY SCHOOL,900
2702,EMERALD ELEMENTARY SCHOOL,480
2724,NEW EMERSON SCHOOL AT COLUMBUS,2000
2726,EMILY GRIFFITH OPPORTUNITY SCHOOL,880
2746,ENGLEWOOD HIGH SCHOOL,120
2750,ENGLEWOOD LEADERSHIP ACADEMY,120
2752,ENGLEWOOD MIDDLE SCHOOL,120
2755,VENTURE PREP,880
2758,ERIE ELEMENTARY SCHOOL,470
2760,ERIE MIDDLE SCHOOL,470
2761,ERIE HIGH SCHOOL,470
2788,ESTES PARK OPTIONS SCHOOL,1570
2789,ESCUELA TLATELOLCO SCHOOL,880
2790,ESTES PARK K-5 SCHOOL,1570
2792,ESTES PARK MIDDLE SCHOOL,1570
2794,ESTES PARK HIGH SCHOOL,1570
2799,EXCEL ACADEMY CHARTER SCHOOL,1420
2800,EXPLORER ELEMENTARY SCHOOL,1040
2804,EUCLID MIDDLE SCHOOL,140
2818,EVANS ELEMENTARY SCHOOL,100
2820,EVERITT MIDDLE SCHOOL,1420
2832,EVERGREEN MIDDLE SCHOOL,1420
2836,EVERGREEN HIGH SCHOOL,1420
2837,EARLY COLLEGE HIGH SCHOOL AT ARVADA,8001
2850,UNIVERSITY SCHOOLS,3120
2856,FAIRMONT K-8 SCHOOL,880
2866,FAIRMOUNT ELEMENTARY SCHOOL,1420
2876,FAIRVIEW ELEMENTARY SCHOOL,70
2877,FALCON VIRTUAL ACADEMY,1110
2880,FAIRVIEW ELEMENTARY SCHOOL,880
2892,FAIRVIEW HIGH SCHOOL,480
2897,FALCON CREEK MIDDLE SCHOOL,130
2902,FALCON ELEMENTARY SCHOOL,1110
2906,FALCON MIDDLE SCHOOL,1110
2908,FALCON HIGH SCHOOL,1110
2912,FALL RIVER ELEMENTARY SCHOOL,470
2918,FEDERAL HEIGHTS ELEMENTARY SCHOOL,20
2926,FIELD ELEMENTARY SCHOOL,140
2940,FIRESIDE ELEMENTARY SCHOOL,480
2944,FISHER'S PEAK ELEMENTARY SCHOOL,1580
2945,FOUNDATIONS ACADEMY,40
2946,FITZMORRIS ELEMENTARY SCHOOL,1420
2952,MAMMOTH HEIGHTS ELEMENTARY,900
2953,STONE MOUNTAIN ELEMENTARY,900
2954,ROXBOROUGH INTERMEDIATE,900
2956,FLAGLER ELEMENTARY SCHOOL,1450
2958,FLAGLER MIDDLE SCHOOL,1450
2960,FLAGLER SENIOR HIGH SCHOOL,1450
2961,FOCUS ACADEMY,1150
2963,FALCON BLUFFS MIDDLE SCHOOL,1420
2964,FLAGSTAFF CHARTER ACADEMY,470
2965,FLAGSTONE ELEMENTARY SCHOOL,900
2970,FLATIRONS ELEMENTARY SCHOOL,480
2980,FLEMING ELEMENTARY SCHOOL,1850
2988,FLEMING HIGH SCHOOL,1850
2995,FLETCHER INTERMEDIATE SCIENCE & TECHNOLOGY SCHOOL,180
2998,FLETCHER PRIMARY SCHOOL,180
3000,FLORENCE CRITTENTON HIGH SCHOOL,880
3002,FLORENCE HIGH SCHOOL,1150
3012,FLORIDA MESA ELEMENTARY SCHOOL,1520
3022,FOOTHILL ELEMENTARY SCHOOL,480
3025,FOOTHILLS ELEMENTARY SCHOOL,1420
3027,EAGLESIDE ELEMENTARY SCHOOL,1000
3030,FOX RIDGE MIDDLE SCHOOL,130
3032,FORCE ELEMENTARY SCHOOL,880
3038,FORD ELEMENTARY SCHOOL,880
3046,FORT COLLINS HIGH SCHOOL,1550
3050,FORT LEWIS MESA ELEMENTARY SCHOOL,1520
3054,FORT LOGAN ELEMENTARY SCHOOL,123
3066,FORT LUPTON MIDDLE SCHOOL,3140
3070,FORT LUPTON HIGH SCHOOL,3140
3074,FORT MORGAN MIDDLE SCHOOL,2405
3078,FORT MORGAN HIGH SCHOOL,2405
3088,FOSTER ELEMENTARY SCHOOL,1420
3090,LOCHBUIE ELEMENTARY SCHOOL,3090
3102,ARAGON ELEMENTARY SCHOOL,1000
3104,FOOTHILLS ELEMENTARY SCHOOL,1040
3105,FOSSIL RIDGE HIGH SCHOOL,1550
3106,FOUNTAIN MIDDLE SCHOOL,1000
3108,MESA ELEMENTARY SCHOOL,1000
3110,FOUNTAIN-FORT CARSON HIGH SCHOOL,1000
3130,FOWLER JUNIOR HIGH SCHOOL,2540
3134,FOWLER HIGH SCHOOL,2540
3138,FOX CREEK ELEMENTARY SCHOOL,900
3144,FRANCIS M. DAY ELEMENTARY SCHOOL,70
3162,FRANKLIN MIDDLE SCHOOL,3120
3172,FRANKTOWN ELEMENTARY SCHOOL,900
3175,FREEDOM ELEMENTARY SCHOOL,1010
3182,FRASER VALLEY ELEMENTARY SCHOOL,1350
3192,FREDERICK ELEMENTARY SCHOOL,470
3194,COAL RIDGE MIDDLE SCHOOL,470
3196,FREDERICK SENIOR HIGH SCHOOL,470
3201,FREE HORIZON MONTESSORI CHARTER SCHOOL,1420
3206,FREED MIDDLE SCHOOL,2690
3211,GARDEN PARK HIGH SCHOOL,1140
3216,FREMONT ELEMENTARY SCHOOL,1420
3218,FREMONT ELEMENTARY SCHOOL,1010
3220,COTOPAXI ELEMENTARY SCHOOL,1160
3224,FREMONT ELEMENTARY SCHOOL,1150
3226,FREMONT MIDDLE SCHOOL,1150
3228,COTOPAXI JUNIOR-SENIOR HIGH SCHOOL,1160
3234,FRENCH ELEMENTARY SCHOOL,990
3236,FRONTIER HIGH SCHOOL,920
3238,FRONTIER ELEMENTARY SCHOOL,1040
3241,FRONTIER VALLEY ELEMENTARY SCHOOL,900
3244,FRUITA MIDDLE SCHOOL,2000
3262,FRUITVALE ELEMENTARY SCHOOL,2000
3272,FULTON ELEMENTARY SCHOOL,180
3279,FUTURES ACADEMY,2700
3281,GRAHAM MESA ELEMENTARY SCHOOL,1195
3286,GALETON ELEMENTARY SCHOOL,3085
3296,GARDEN PLACE ELEMENTARY SCHOOL,880
3306,GARDNER ELEMENTARY SCHOOL,1390
3320,GARFIELD ELEMENTARY SCHOOL,1560
3325,KAPLAN ACADEMY OF COLORADO,1195
3330,GARNET MESA ELEMENTARY SCHOOL,870
3340,ARCHULETA ELEMENTARY SCHOOL,880
3350,GATEWAY SCHOOL,2000
3354,GATEWAY HIGH SCHOOL,180
3360,GALILEO SCHOOL OF MATH AND SCIENCE,1010
3378,GEORGE WASHINGTON HIGH SCHOOL,880
3385,GEORGETOWN COMMUNITY SCHOOL,540
3387,GOAL GED PREP,8001
3392,GIBERSON ELEMENTARY SCHOOL,980
3398,GILCREST ELEMENTARY SCHOOL,3080
3426,GILPIN ELEMENTARY SCHOOL,880
3450,GLENNON HEIGHTS ELEMENTARY SCHOOL,1420
3460,GLENWOOD SPRINGS ELEMENTARY SCHOOL,1180
3464,GLENWOOD SPRINGS MIDDLE SCHOOL,1180
3468,GLENWOOD SPRINGS HIGH SCHOOL,1180
3469,GLADE PARK COMMUNITY SCHOOL,2000
3470,GLOBE CHARTER SCHOOL,1010
3471,GLOBAL VILLAGE ACADEMY,180
3472,GODDARD MIDDLE SCHOOL,140
3475,GOAL ACADEMY,8001
3478,GODSMAN ELEMENTARY SCHOOL,880
3482,GOLD CAMP ELEMENTARY SCHOOL,1020
3488,GOLD HILL ELEMENTARY SCHOOL,480
3499,HALCYON SCHOOL (SPECIAL EDUCATION),480
3502,GOLDEN HIGH SCHOOL,1420
3512,GOLDRICK ELEMENTARY SCHOOL,880
3522,FOX MEADOW MIDDLE SCHOOL,980
3536,GOVERNOR'S RANCH ELEMENTARY SCHOOL,1420
3539,BEAR CREEK ELEMENTARY SCHOOL,1080
3542,GRANADA ELEMENTARY SCHOOL,2650
3546,GRANADA UNDIVIDED HIGH SCHOOL,2650
3556,GRANBY ELEMENTARY SCHOOL,1350
3570,GRAND JUNCTION HIGH SCHOOL,2000
3572,GRAND LAKE ELEMENTARY SCHOOL,1350
3578,BEA UNDERWOOD ELEMENTARY SCHOOL,1220
3582,GRAND MESA HIGH SCHOOL,1990
3584,GRAND MESA MIDDLE SCHOOL,2000
3586,GRAND VALLEY HIGH SCHOOL,1220
3589,GRANDVIEW HIGH SCHOOL,130
3592,GRANT ELEMENTARY SCHOOL,1010
3600,GRANT MIDDLE SCHOOL,880
3603,L.W. ST. JOHN ELEMENTARY SCHOOL,1220
3605,GRANT RANCH K-8 SCHOOL,880
3610,GREELEY CENTRAL HIGH SCHOOL,3120
3614,GREELEY WEST HIGH SCHOOL,3120
3620,GREEN ACRES ELEMENTARY SCHOOL,2405
3622,GREEN GABLES ELEMENTARY SCHOOL,1420
3624,GREEN MOUNTAIN ELEMENTARY SCHOOL,1420
3628,GREEN MOUNTAIN HIGH SCHOOL,1420
3638,GREENLEE K-8 SCHOOL,880
3639,GIRLS ATHLETIC LEADERSHIP SCHOOL,880
3641,GREEN VALLEY ELEMENTARY SCHOOL,880
3647,GREENWOOD ELEMENTARY SCHOOL,880
3648,GREENWOOD ELEMENTARY SCHOOL,130
3655,GREENLEE ELEMENTARY SCHOOL,880
3672,PAWNEE ELEMENTARY SCHOOL,3148
3681,GUFFEY CHARTER SCHOOL,2610
3690,GUNNISON ELEMENTARY SCHOOL,1360
3694,GUNNISON HIGH SCHOOL,1360
3697,GUNNISON MIDDLE SCHOOL,1360
3701,GUNNISON VALLEY SCHOOL,1360
3704,GUST ELEMENTARY SCHOOL,880
3710,GYPSUM ELEMENTARY SCHOOL,910
3724,HAAFF ELEMENTARY SCHOOL,2690
3726,HACKBERRY HILL ELEMENTARY SCHOOL,1420
3746,HAMILTON MIDDLE SCHOOL,880
3754,HANOVER ELEMENTARY SCHOOL,1070
3758,HANOVER JUNIOR-SENIOR HIGH SCHOOL,1070
3760,CENTENNIAL HIGH SCHOOL,1550
3778,HARRINGTON ELEMENTARY SCHOOL,880
3787,HARRIS BILINGUAL ELEMENTARY SCHOOL,1550
3791,LAB ELEMENTARY SCHOOL FOR CREATIVE LEARNING,1550
3792,HARRIS PARK ELEMENTARY SCHOOL,70
3802,HARRISON SCHOOL,1140
3806,HARRISON HIGH SCHOOL,980
3846,HAXTUN ELEMENTARY SCHOOL,2630
3850,HAXTUN HIGH SCHOOL,2630
3860,HAYDEN MIDDLE SCHOOL,2760
3862,HAYDEN HIGH SCHOOL,2760
3880,HEATH MIDDLE SCHOOL,3120
3882,HEATHERWOOD ELEMENTARY SCHOOL,480
3890,HUNT ELEMENTARY SCHOOL,1010
3900,HENDERSON ELEMENTARY SCHOOL,40
3920,HENRY ELEMENTARY SCHOOL,1010
3924,HERITAGE ELEMENTARY SCHOOL,2690
3926,HERITAGE ELEMENTARY SCHOOL,130
3928,HERITAGE ELEMENTARY SCHOOL,900
3930,HERITAGE HIGH SCHOOL,140
3931,HIDDEN LAKE HIGH SCHOOL,70
3940,HIGH PEAKS ELEMENTARY SCHOOL,480
3950,HIGHLAND ELEMENTARY SCHOOL,140
3958,HIGHLAND ELEMENTARY SCHOOL,3145
3961,HIGHLAND MIDDLE SCHOOL,3145
3962,HIGHLAND HIGH SCHOOL,3145
3967,HIGHLAND ELEMENTARY SCHOOL,1195
3976,HIGHLAND PARK ELEMENTARY SCHOOL,2690
3980,HIGHLANDS RANCH HIGH SCHOOL,900
3985,HIGH PLAINS ELEMENTARY SCHOOL,1040
3987,HIGHLINE ACADEMY CHARTER SCHOOL,880
3988,HIGHLINE COMMUNITY ELEMENTARY SCHOOL,130
3990,HILL CAMPUS OF ARTS AND SCIENCES,880
3995,HOPE ON-LINE,900
4000,HILLCREST ELEMENTARY SCHOOL,20
4024,HINKLEY HIGH SCHOOL,180
4044,HOEHNE ELEMENTARY SCHOOL,1600
4045,HOEHNE JUNIOR HIGH SCHOOL,1600
4048,HOEHNE HIGH SCHOOL,1600
4058,HOLLY HIGH SCHOOL,2670
4062,HOLLY HILLS ELEMENTARY SCHOOL,130
4069,HOLLY JUNIOR HIGH SCHOOL,2670
4070,HOLMES MIDDLE SCHOOL,1010
4074,HOLM ELEMENTARY SCHOOL,880
4076,HOLYOKE ELEMENTARY SCHOOL,2620
4078,HOMESTEAD ELEMENTARY SCHOOL,130
4079,HOLYOKE JUNIOR HIGH SCHOOL,2620
4080,HOLYOKE SENIOR HIGH SCHOOL,2620
4085,HORIZONS EXPLORATORY ACADEMY,500
4090,MANN MIDDLE SCHOOL,1010
4100,HORIZON MIDDLE SCHOOL,130
4102,HORIZON MIDDLE SCHOOL,1110
4108,HORIZON HIGH SCHOOL,20
4124,HOTCHKISS ELEMENTARY SCHOOL,870
4128,HOTCHKISS HIGH SCHOOL,870
4138,HOWBERT ELEMENTARY SCHOOL,1010
4140,HOWELL K-8 SCHOOL,880
4148,HUDSON ELEMENTARY SCHOOL,3090
4158,GENOA-HUGO ELEMENTARY SCHOOL,1780
4160,GENOA-HUGO MIDDLE SCHOOL,1780
4161,HUERFANO COUNTY OPPORTUNITY AND ENRICHMENT SCHOOL,1390
4162,GENOA-HUGO SENIOR HIGH SCHOOL,1780
4172,HULSTROM OPTIONS K-8 SCHOOL,20
4179,IGNACIO ACADEMY,1540
4182,CEDAREDGE ELEMENTARY SCHOOL,870
4187,SILVER HILLS MIDDLE SCHOOL,20
4190,HUTCHINSON ELEMENTARY SCHOOL,1420
4202,HYGIENE ELEMENTARY SCHOOL,470
4212,CARLSON ELEMENTARY SCHOOL,540
4216,CLEAR CREEK HIGH SCHOOL,540
4227,IDALIA ELEMENTARY SCHOOL,3220
4231,IDALIA JUNIOR-SENIOR HIGH SCHOOL,3220
4250,IGNACIO ELEMENTARY SCHOOL,1540
4251,THE IMAGINE CLASSICAL ACADEMY AT INDIGO RANCH,1110
4252,IGNACIO INTERMEDIATE SCHOOL,1540
4254,IGNACIO JUNIOR HIGH SCHOOL,1540
4258,IGNACIO HIGH SCHOOL,1540
4270,IOWA ELEMENTARY SCHOOL,180
4271,LEGEND HIGH SCHOOL,900
4276,INDEPENDENCE ELEMENTARY SCHOOL,130
4277,INDIAN PEAKS CHARTER SCHOOL,1350
4278,INDIAN PEAKS ELEMENTARY SCHOOL,470
4280,INDIAN RIDGE ELEMENTARY SCHOOL,130
4282,IRISH ELEMENTARY SCHOOL,1550
4292,IRON HORSE ELEMENTARY SCHOOL,900
4302,IRVING ELEMENTARY SCHOOL,2690
4306,AVERY/PARSONS ELEMENTARY SCHOOL,490
4316,NEWTON MIDDLE SCHOOL,140
4326,IVER C. RANUM HIGH SCHOOL,70
4332,IVY STOCKWELL ELEMENTARY SCHOOL,1560
4333,IMAGINE CHARTER,470
4346,TALBOTT ELEMENTARY SCHOOL,990
4356,JACKSON ELEMENTARY SCHOOL,3120
4358,JACKSON ELEMENTARY SCHOOL,1010
4369,INSIGHT SCHOOL OF COLORADO AT JULESBURG,2862
4376,JAMES H RISLEY MIDDLE SCHOOL,2690
4378,JAMES IRWIN CHARTER HIGH SCHOOL,980
4379,JAMES IRWIN CHARTER MIDDLE SCHOOL,980
4380,JAMES IRWIN CHARTER ELEMENTARY SCHOOL,980
4386,JAMESTOWN ELEMENTARY SCHOOL,480
4394,JANITELL JUNIOR HIGH SCHOOL,990
4402,JEFFERSON ACADEMY CHARTER SCHOOL,1420
4404,JEFFERSON CHARTER ACADEMY JUNIOR HIGH SCHOOL,1420
4408,JEFFCO'S 21ST CENTURY VIRTUAL ACADEMY,1420
4410,JEFFERSON CHARTER ACADEMY SENIOR HIGH SCHOOL,1420
4418,JEFFERSON MIDDLE SCHOOL,2530
4422,JEFFERSON HIGH SCHOOL,1420
4424,JENKINS MIDDLE SCHOOL,1010
4425,JEFFERSON HIGH SCHOOL,3120
4426,JEWELL ELEMENTARY SCHOOL,180
4438,JOHN EVANS MIDDLE SCHOOL,3120
4444,JOHN F KENNEDY HIGH SCHOOL,880
4447,JOHN WESLEY POWELL MIDDLE SCHOOL,140
4450,JOHNSON ELEMENTARY SCHOOL,880
4456,JOHNSON ELEMENTARY SCHOOL,1550
4458,JOHNSON ELEMENTARY SCHOOL,2180
4465,JOSEPHINE HODGKINS ELEMENTARY SCHOOL,70
4474,JORDAHL ELEMENTARY SCHOOL,1000
4478,SHERIDAN GREEN ELEMENTARY SCHOOL,1420
4488,JULESBURG ELEMENTARY SCHOOL,2862
4492,JULESBURG HIGH SCHOOL,2862
4494,JUSTICE HIGH SCHOOL DENVER,880
4496,JUSTICE HIGH CHARTER SCHOOL,480
4498,KAISER ELEMENTARY SCHOOL,880
4502,KARVAL ELEMENTARY SCHOOL,1810
4504,KARVAL ONLINE EDUCATION,1810
4506,KARVAL JUNIOR-SENIOR HIGH SCHOOL,1810
4510,KATHRYN SENOR ELEMENTARY SCHOOL,1195
4516,KEARNEY MIDDLE SCHOOL,30
4526,HOFF ELEMENTARY SCHOOL,3090
4530,KELLER ELEMENTARY SCHOOL,1010
4536,KEMP ELEMENTARY SCHOOL,30
4546,KEMPER ELEMENTARY SCHOOL,2035
4548,KEN CARYL MIDDLE SCHOOL,1420
4549,KENDALLVUE ELEMENTARY SCHOOL,1420
4550,KENDRICK LAKES ELEMENTARY SCHOOL,1420
4646,KENTON ELEMENTARY SCHOOL,180
4656,KEPNER MIDDLE SCHOOL,880
4670,PLATTE VALLEY HIGH SCHOOL,3130
4680,SALIDA MIDDLE SCHOOL,500
4686,RAY E KILMER ELEMENTARY SCHOOL,1080
4690,KIM ELEMENTARY SCHOOL,1760
4694,KIM UNDIVIDED HIGH SCHOOL,1760
4698,KINARD CORE KNOWLEDGE MIDDLE SCHOOL,1550
4699,THE NEW AMERICA SCHOOL,10
4700,KING-MURPHY ELEMENTARY SCHOOL,540
4724,KIOWA ELEMENTARY SCHOOL,930
4726,KIOWA MIDDLE SCHOOL,930
4728,KIOWA HIGH SCHOOL,930
4730,KIPP DENVER COLLEGIATE HIGH SCHOOL,880
4732,KIPP SUNSHINE PEAK ACADEMY,880
4738,KIT CARSON ELEMENTARY SCHOOL,510
4742,KIT CARSON JUNIOR-SENIOR HIGH SCHOOL,510
4762,KNAPP ELEMENTARY SCHOOL,880
4782,HALLETT FUNDAMENTAL ACADEMY,880
4785,KNOWLEDGE QUEST ACADEMY,3110
4792,KOHL ELEMENTARY SCHOOL,480
4793,KRUSE ELEMENTARY SCHOOL,1550
4795,KUNSMILLER CREATIVE ARTS ACADEMY,880
4798,CONNECTIONS LEARNING CENTER ON THE EARLE JOHNSON C,1420
4802,KULLERSTRAND ELEMENTARY SCHOOL,1420
4830,KYFFIN ELEMENTARY SCHOOL,1420
4836,LA JARA ELEMENTARY SCHOOL,550
4837,LA JARA SECOND CHANCE SCHOOL,550
4838,JUNE CREEK ELEMENTARY SCHOOL,910
4841,LA JUNTA INTERMEDIATE SCHOOL,2520
4842,LA JUNTA MIDDLE SCHOOL,2520
4843,LA JUNTA PRIMARY SCHOOL,2520
4844,LA JUNTA HIGH SCHOOL,2520
4852,PETE MIRICH ELEMENTARY SCHOOL,3080
4854,NORTH VALLEY MIDDLE SCHOOL,3080
4860,LA VETA ELEMENTARY SCHOOL,1400
4864,LA VETA JUNIOR-SENIOR HIGH SCHOOL,1400
4874,LAFAYETTE ELEMENTARY SCHOOL,480
4878,ANGEVINE MIDDLE SCHOOL,480
4899,LAKE CITY COMMUNITY SCHOOL,1380
4901,LAKE COUNTY MIDDLE SCHOOL,1510
4904,LAKE COUNTY HIGH SCHOOL,1510
4908,LAKE GEORGE CHARTER SCHOOL,2610
4910,LAKE INTERNATIONAL SCHOOL,880
4942,LAKEWOOD HIGH SCHOOL,1420
4950,LANDMARK ACADEMY AT REUNION,40
4956,LAMAR MIDDLE SCHOOL,2660
4960,LAMAR HIGH SCHOOL,2660
4965,LAMBORN VISION SCHOOL,870
4970,LANSING ELEMENTARY SCHOOL,180
4973,LAREDO ELEMENTARY SCHOOL,180
4975,LAREDO MIDDLE SCHOOL,130
4980,LARKSPUR ELEMENTARY SCHOOL,900
4983,LAS ANIMAS A+ DISTANCE LEARNING SCHOOL,290
4986,LAS ANIMAS MIDDLE SCHOOL,290
4990,LAS ANIMAS HIGH SCHOOL,290
5004,LASLEY ELEMENTARY SCHOOL,1420
5014,LAUREL ELEMENTARY SCHOOL,1550
5015,LA JUNTA JR/SR HIGH SCHOOL,2520
5018,LAURENE EDMONDSON ELEMENTARY SCHOOL,1560
5024,LAWRENCE ELEMENTARY SCHOOL,1420
5033,JAMES MADISON CHARTER ACADEMY SCHOOL,990
5036,LEAWOOD ELEMENTARY SCHOOL,1420
5043,LEGACY HIGH SCHOOL,20
5045,LEGACY POINT ELEMENTARY SCHOOL,900
5048,LEMUEL PITTS MIDDLE SCHOOL,2690
5050,LEO WILLIAM BUTLER ELEMENTARY SCHOOL,3140
5058,LEROY DRIVE ELEMENTARY SCHOOL,20
5068,LESHER MIDDLE SCHOOL,1550
5078,LETFORD ELEMENTARY SCHOOL,3110
5090,LEWIS-ARRIOLA ELEMENTARY SCHOOL,2035
5093,MONUMENT CHARTER ACADEMY,1080
5096,LEWIS-PALMER ELEMENTARY SCHOOL,1080
5098,LEWIS-PALMER MIDDLE SCHOOL,1080
5100,LEWIS-PALMER HIGH SCHOOL,1080
5114,JEFFERSON INTERMEDIATE SCHOOL,2530
5119,LIBERTY ELEMENTARY SCHOOL,3230
5120,LIBERTY COMMON CHARTER SCHOOL,1550
5123,LIBERTY JUNIOR-SENIOR HIGH SCHOOL,3230
5126,LIBERTY HIGH SCHOOL,1040
5129,LIFE SKILLS CENTER OF DENVER,880
5132,LIMON ELEMENTARY SCHOOL,1790
5136,LIMON JUNIOR-SENIOR HIGH SCHOOL,1790
5145,LINCOLN CHARTER ACADEMY,1420
5146,LIFE SKILLS CENTER OF COLORADO SPRINGS,1010
5154,LINCOLN ELEMENTARY SCHOOL,870
5158,LINCOLN ELEMENTARY SCHOOL,880
5162,LINCOLN ELEMENTARY SCHOOL,1010
5166,LINCOLN ELEMENTARY SCHOOL,1140
5168,LINCOLN MIDDLE SCHOOL,1550
5170,LINCOLN ELEMENTARY SCHOOL,1560
5180,LINCOLN HIGH SCHOOL,2405
5190,LINCOLN ELEMENTARY SCHOOL,2660
5196,LINTON ELEMENTARY SCHOOL,1550
5199,JEFFERSON ELEMENTARY SCHOOL,3120
5210,LINCOLN ORCHARD MESA ELEMENTARY SCHOOL,2000
5222,LITTLE ELEMENTARY SCHOOL,1420
5224,LITTLETON HIGH SCHOOL,140
5229,LITTLETON ACADEMY,140
5233,LITTLETON PREP CHARTER SCHOOL,140
5234,LIVERMORE ELEMENTARY SCHOOL,1550
5236,LOIS LENSKI ELEMENTARY SCHOOL,140
5238,LONE STAR MIDDLE SCHOOL,3060
5244,LOMA ELEMENTARY SCHOOL,2000
5246,LOMA LINDA ELEMENTARY SCHOOL,470
5254,LONE STAR ELEMENTARY SCHOOL,3060
5258,LONE STAR UNDIVIDED HIGH SCHOOL,3060
5268,LONGFELLOW ELEMENTARY SCHOOL,500
5282,LONGMONT HIGH SCHOOL,470
5284,LONGMONT ESTATES ELEMENTARY SCHOOL,470
5286,SUNSET MIDDLE SCHOOL,470
5288,LONGS PEAK MIDDLE SCHOOL,470
5292,LOPEZ ELEMENTARY SCHOOL,1550
5298,LOTUS SCHOOL FOR EXCELLENCE,180
5302,LOUISVILLE ELEMENTARY SCHOOL,480
5306,LOUISVILLE MIDDLE SCHOOL,480
5312,BILL REED MIDDLE SCHOOL,1560
5316,LOVELAND HIGH SCHOOL,1560
5335,LUCILE ERWIN MIDDLE SCHOOL,1560
5342,LOWRY ELEMENTARY SCHOOL,880
5350,LUKAS ELEMENTARY SCHOOL,1420
5354,LUMBERG ELEMENTARY SCHOOL,1420
5361,LYN KNOLL ELEMENTARY SCHOOL,180
5364,LYONS ELEMENTARY SCHOOL,470
5368,LYONS MIDDLE/SENIOR HIGH SCHOOL,470
5388,M. SCOTT CARPENTER MIDDLE SCHOOL,70
5404,MADISON ELEMENTARY SCHOOL,1010
5405,EDCSD: COLORADO CYBER SCHOOL,900
5412,MADISON ELEMENTARY SCHOOL,3120
5414,MADISON EXPLORATORY SCHOOL,1140
5415,ROCKY MOUNTAIN DEAF SCHOOL,1420
5418,MALLEY DRIVE ELEMENTARY SCHOOL,20
5422,MANASSA ELEMENTARY SCHOOL,550
5430,MANNY MARTINEZ MIDDLE SCHOOL,880
5436,MANAUGH ELEMENTARY SCHOOL,2035
5446,MANCOS ELEMENTARY SCHOOL,2070
5448,MANUAL HIGH SCHOOL,880
5450,MANCOS MIDDLE SCHOOL,2070
5452,MANCOS HIGH SCHOOL,2070
5454,MANDALAY MIDDLE SCHOOL,1420
5460,MANITOU SPRINGS ELEMENTARY SCHOOL,1030
5464,MANITOU SPRINGS MIDDLE SCHOOL,1030
5468,MANITOU SPRINGS HIGH SCHOOL,1030
5472,MANNING OPTIONS SCHOOL,1420
5498,MANZANOLA ELEMENTARY SCHOOL,2535
5506,MANZANOLA JUNIOR-SENIOR HIGH SCHOOL,2535
5524,MAPLE GROVE ELEMENTARY SCHOOL,1420
5552,MAPLEWOOD MIDDLE SCHOOL,3120
5572,HOPKINS ELEMENTARY SCHOOL,140
5574,TWAIN ELEMENTARY SCHOOL,140
5576,TWAIN ELEMENTARY SCHOOL,1010
5577,MARBLE CHARTER SCHOOL,1360
5578,MARRAMA ELEMENTARY SCHOOL,880
5579,MARSH ELEMENTARY SCHOOL,2740
5580,MARSHDALE ELEMENTARY SCHOOL,1420
5596,MARTENSEN ELEMENTARY SCHOOL,1420
5602,MARTIN LUTHER KING JR ELEMENTARY SCHOOL,990
5604,KING ELEMENTARY SCHOOL,1010
5605,MARTIN LUTHER KING MIDDLE COLLEGE,880
5606,CREEKSIDE ELEMENTARY SCHOOL AT MARTIN PARK,480
5607,SAGE CANYON ELEMENTARY,900
5608,MATHEMATICS AND SCIENCE LEADERSHIP ACADEMY,880
5610,MARTINEZ ELEMENTARY SCHOOL,1010
5615,MARY E PENNOCK ELEMENTARY SCHOOL,40
5620,MAPLEWOOD ELEMENTARY SCHOOL,3120
5623,LONGVIEW HIGH SCHOOL,1420
5644,MAXWELL ELEMENTARY SCHOOL,880
5656,MAYBELL ELEMENTARY SCHOOL,2020
5660,MCAULIFFE ELEMENTARY SCHOOL,3120
5666,MC CLAVE ELEMENTARY SCHOOL,310
5670,MC CLAVE UNDIVIDED HIGH SCHOOL,310
5685,MC GLONE ELEMENTARY SCHOOL,880
5688,MCGRAW ELEMENTARY SCHOOL,1550
5702,MC KINLEY-THATCHER ELEMENTARY SCHOOL,880
5704,MCKINLEY ELEMENTARY SCHOOL,1140
5706,MC ELWAIN ELEMENTARY SCHOOL,20
5716,MC MEEN ELEMENTARY SCHOOL,880
5722,MEAD HIGH SCHOOL,470
5726,MEAD ELEMENTARY SCHOOL,470
5730,MEAD MIDDLE SCHOOL,470
5742,MEADOW MOUNTAIN ELEMENTARY SCHOOL,910
5744,MEADOW POINT ELEMENTARY SCHOOL,130
5745,MEADOW VIEW ELEMENTARY SCHOOL,900
5750,MEEKER ELEMENTARY SCHOOL,2710
5752,MEEKER ELEMENTARY SCHOOL,3120
5754,BARONE MIDDLE SCHOOL,2710
5758,MEIKLEJOHN ELEMENTARY,1420
5762,MEEKER HIGH SCHOOL,2710
5779,MERIDIAN RANCH ELEMENTARY SCHOOL,1110
5802,MERINO ELEMENTARY SCHOOL,1860
5806,MERINO JUNIOR SENIOR HIGH SCHOOL,1860
5814,THORNTON MIDDLE SCHOOL,20
5816,THORNTON HIGH SCHOOL,20
5826,MERRILL MIDDLE SCHOOL,880
5828,MESA VALLEY VISION HOME AND COMMUNITY PROGRAM,2000
5834,MESA ELEMENTARY SCHOOL,70
5836,MESA ELEMENTARY SCHOOL,2035
5838,MESA ELEMENTARY SCHOOL,480
5840,MESA ELEMENTARY SCHOOL,2730
5841,MESA RIDGE HIGH SCHOOL,990
5842,MESA VIEW ELEMENTARY SCHOOL,2000
5843,LONE TREE ELEMENTARY,900
5844,CONTEMPORARY LEARNING ACADEMY HIGH SCHOOL,880
5850,MIAMI/YODER ELEMENTARY SCHOOL,1130
5854,MIAMI-YODER SENIOR HIGH SCHOOL,1130
5864,MIDDLE PARK HIGH SCHOOL,1350
5870,MIAMI-YODER JUNIOR HIGH SCHOOL,1130
5878,MIDLAND ELEMENTARY SCHOOL,1010
5888,MILLER MIDDLE SCHOOL,1520
5892,MILLER SPECIAL EDUCATION,1420
5896,MILLIKEN ELEMENTARY SCHOOL,3110
5902,MILLIKEN MIDDLE SCHOOL,3110
5916,MINNEQUA ELEMENTARY SCHOOL,2690
5930,MINTURN MIDDLE SCHOOL,910
5934,MISSION VIEJO ELEMENTARY SCHOOL,130
5944,MITCHELL ELEMENTARY SCHOOL,1420
5948,MITCHELL HIGH SCHOOL,1010
5954,MOFFAT ELEMENTARY SCHOOL,2800
5956,MOFFAT MIDDLE SCHOOL,2800
5958,MOFFAT SENIOR HIGH SCHOOL,2800
5962,MOFFAT COUNTY HIGH SCHOOL,2020
5972,MOLHOLM ELEMENTARY SCHOOL,1420
5982,MONACO ELEMENTARY SCHOOL,30
5985,MONFORT ELEMENTARY SCHOOL,3120
5988,MONROE ELEMENTARY SCHOOL,1010
5992,MONROE ELEMENTARY SCHOOL,1560
5994,MONTESSORI PEAKS CHARTER ACADEMY,1420
5995,MONTBELLO HIGH SCHOOL,880
5997,D C S MONTESSORI CHARTER SCHOOL,900
5998,OAKLAND ELEMENTARY SCHOOL,880
5999,MONARCH HIGH SCHOOL,480
6000,MONARCH K-8 SCHOOL,480
6002,MONTCLAIR ELEMENTARY SCHOOL,880
6018,MONTEREY ELEMENTARY SCHOOL,980
6026,MONTEZUMA-CORTEZ HIGH SCHOOL,2035
6030,BYRON SYRING DELTA CENTER,2740
6036,BILL METZ ELEMENTARY SCHOOL,2740
6044,MONTE VISTA MIDDLE SCHOOL,2740
6046,MONTE VISTA SENIOR HIGH SCHOOL,2740
6054,COLUMBINE MIDDLE SCHOOL,2180
6058,MONTROSE HIGH SCHOOL,2180
6060,MOUNTAIN RANGE HIGH SCHOOL,20
6068,MONTVIEW MATH & HEALTH SCIENCES ELEMENTARY SCHOOL,180
6070,FRUITA MONUMENT HIGH SCHOOL,2000
6078,MOORE ELEMENTARY SCHOOL,1550
6088,MOORE K-8 SCHOOL,880
6090,MOORE MIDDLE SCHOOL,1420
6098,MOREY MIDDLE SCHOOL,880
6132,MORTON ELEMENTARY SCHOOL,2690
6133,MORTENSEN ELEMENTARY SCHOOL,1420
6135,MOUNT CARBON ELEMENTARY SCHOOL,1420
6138,MOUNTAINSIDE ELEMENTARY SCHOOL,1000
6139,MOUNTAIN PHOENIX COMMUNITY SCHOOL,1420
6140,MOUNTAIN RIDGE MIDDLE SCHOOL,1040
6142,MOUNTAIN VALLEY ELEMENTARY SCHOOL,2790
6144,MOUNTAIN VALLEY MIDDLE SCHOOL,2790
6146,MOUNTAIN VALLEY SENIOR HIGH SCHOOL,2790
6150,MOUNTAIN VIEW ELEMENTARY SCHOOL,20
6152,MOUNTAIN VIEW ELEMENTARY SCHOOL,900
6156,MOUNTAIN VIEW ELEMENTARY SCHOOL,470
6158,MOUNTAIN VIEW ELEMENTARY SCHOOL,1040
6160,MRACHEK MIDDLE SCHOOL,180
6162,MOUNTAIN VISTA COMMUNITY SCHOOL,980
6163,MOUNTAIN VIEW HIGH SCHOOL,1560
6164,MOUNTAIN RIDGE MIDDLE SCHOOL,900
6165,MOUNTAIN VISTA HIGH SCHOOL,900
6166,MOUNT GARFIELD MIDDLE SCHOOL,2000
6188,MUNROE ELEMENTARY SCHOOL,880
6189,MURPHY CREEK K-8 SCHOOL,180
6194,NAMAQUA ELEMENTARY SCHOOL,1560
6195,NEW VISTA HIGH SCHOOL,480
6196,NATURITA ELEMENTARY SCHOOL,2190
6208,NEDERLAND ELEMENTARY SCHOOL,480
6212,NEDERLAND MIDDLE-SENIOR HIGH SCHOOL,480
6219,NEW AMERICA SCHOOL,180
6220,NEW VISION CHARTER SCHOOL,1560
6222,NEEDHAM ELEMENTARY SCHOOL,1520
6224,NEVIN PLATT MIDDLE SCHOOL,480
6237,NEW AMERICA SCHOOL,1420
6238,NEW AMERICA CHARTER SCHOOL,910
6244,NEW HORIZONS DAY SCHOOL,980
6254,NEWLON ELEMENTARY SCHOOL,880
6261,NEW AMERICA SCHOOL,20
6264,NISLEY ELEMENTARY SCHOOL,2000
6274,NIWOT ELEMENTARY SCHOOL,470
6276,NIWOT HIGH SCHOOL,470
6286,NORMANDY ELEMENTARY SCHOOL,1420
6294,NORTH ELEMENTARY SCHOOL,40
6298,NORTH FORK MONTESSORI SCHOOL,870
6306,NORTH MIDDLE SCHOOL,1010
6310,NORTH MIDDLE SCHOOL HEALTH SCIENCES AND TECHNOLOGY,180
6314,NORTH HIGH SCHOOL,880
6315,NORTH VALLEY SCHOOL FOR YOUNG ADULTS,10
6330,NORTH ARVADA MIDDLE SCHOOL,1420
6338,PATRIOT ELEMENTARY SCHOOL,1000
6342,SHADOW RIDGE MIDDLE SCHOOL,20
6344,HERITAGE MIDDLE SCHOOL,470
6350,BRUCE RANDOLPH SCHOOL,880
6354,NORTH MESA ELEMENTARY SCHOOL,2700
6355,NORTH MOR ELEMENTARY SCHOOL,20
6358,NORTH PARK JUNIOR-SENIOR HIGH SCHOOL,1410
6362,NORTH ELEMENTARY SCHOOL,990
6363,NORTH ROUTT CHARTER SCHOOL,2770
6364,NORTHRIDGE HIGH SCHOOL,3120
6365,SKYVIEW ACADEMY,900
6366,NORTHSIDE ELEMENTARY SCHOOL,2180
6376,NORTH STAR ELEMENTARY SCHOOL,20
6394,NORTHEAST ACADEMY CHARTER SCHOOL,880
6395,NORTHEAST ELEMENTARY SCHOOL,40
6396,NORTHEAST ELEMENTARY SCHOOL,900
6397,ACADEMIA ANA MARIE SANDOVAL,880
6398,NORTHGLENN MIDDLE SCHOOL,20
6402,NORTHGLENN HIGH SCHOOL,20
6404,NORTHRIDGE ELEMENTARY SCHOOL,470
6406,NORTHRIDGE ELEMENTARY SCHOOL,900
6418,NORWOOD ELEMENTARY SCHOOL,2840
6422,NORWOOD HIGH SCHOOL,2840
6436,NUCLA JUNIOR/SENIOR HIGH SCHOOL,2190
6460,OAK CREEK ELEMENTARY SCHOOL,980
6466,OAK GROVE ELEMENTARY SCHOOL,2180
6470,OBERON JUNIOR HIGH SCHOOL,1420
6474,O'CONNELL MIDDLE SCHOOL,1420
6476,O'DEA ELEMENTARY SCHOOL,1550
6479,ODYSSEY CHARTER ELEMENTARY SCHOOL,880
6482,OLANDER ELEMENTARY SCHOOL,1550
6483,ODYSSEY ELEMENTARY SCHOOL,1110
6486,OLATHE ELEMENTARY SCHOOL,2180
6490,OLATHE MIDDLE SCHOOL,2180
6494,OLATHE HIGH SCHOOL,2180
6498,OLDE COLUMBINE HIGH SCHOOL,470
6499,ADULT EDUCATION/LINCOLN CENTER,470
6504,OLGA A HELLBECK ELEMENTARY SCHOOL,2690
6508,OMAR D BLAIR CHARTER SCHOOL,880
6509,ONLINE HIGH SCHOOL,880
6520,MONTE VISTA ON-LINE ACADEMY,2740
6534,HANSON PREK-8 SCHOOL,30
6539,JEFFERSON COUNTY OPEN ELEMENTARY SCHOOL,1420
6541,JEFFERSON COUNTY OPEN SECONDARY,1420
6546,OPTIONS SCHOOL,180
6554,ORCHARD AVENUE ELEMENTARY SCHOOL,2000
6562,ORCHARD MESA MIDDLE SCHOOL,2000
6578,OTERO ELEMENTARY SCHOOL,980
6582,OTIS ELEMENTARY SCHOOL,3050
6586,OTIS JUNIOR-SENIOR HIGH SCHOOL,3050
6596,OURAY ELEMENTARY SCHOOL,2580
6598,OURAY MIDDLE SCHOOL,2580
6600,OURAY SENIOR HIGH SCHOOL,2580
6625,OVERLAND HIGH SCHOOL,130
6638,OVERLAND TRAIL MIDDLE SCHOOL,40
6642,HORIZONS K-8 SCHOOL,480
6652,PAGOSA SPRINGS ELEMENTARY SCHOOL,220
6656,PAGOSA SPRINGS INTERMEDIATE SCHOOL,220
6657,PAGOSA SPRINGS MIDDLE SCHOOL,220
6658,PAGOSA SPRINGS HIGH SCHOOL,220
6666,PALISADE HIGH SCHOOL,2000
6676,PALMER ELEMENTARY SCHOOL,880
6678,PALMER RIDGE HIGH SCHOOL,1080
6680,PALMER HIGH SCHOOL,1010
6682,PALMER LAKE ELEMENTARY SCHOOL,1080
6686,PANORAMA MIDDLE SCHOOL,980
6700,PAONIA ELEMENTARY SCHOOL,870
6701,PRAIRIE HEIGHTS ELEMENTARY SCHOOL,1070
6702,OTHO E STUART MIDDLE SCHOOL,40
6708,PAONIA HIGH SCHOOL,870
6718,PARADOX VALLEY CHARTER SCHOOL,2190
6728,PARIS ELEMENTARY SCHOOL,180
6738,PARK ELEMENTARY SCHOOL,1520
6750,MOUNTAIN VIEW ELEMENTARY SCHOOL,3100
6752,MOUNT VIEW CORE KNOWLEDGE CHARTER SCHOOL,1140
6754,PARK HILL SCHOOL,880
6758,PARK LANE ELEMENTARY SCHOOL,180
6770,PARK VIEW ELEMENTARY SCHOOL,2690
6772,SAGEWOOD MIDDLE SCHOOL,900
6773,SIERRA MIDDLE SCHOOL,900
6774,MARTINEZ ELEMENTARY SCHOOL,3120
6784,NOEL MIDDLE SCHOOL,880
6794,PARKVIEW ELEMENTARY SCHOOL,2660
6804,PARMALEE ELEMENTARY SCHOOL,1420
6806,PARR ELEMENTARY SCHOOL,1420
6807,PASSAGE CHARTER SCHOOL,2180
6808,PATTERSON ELEMENTARY SCHOOL,1420
6810,PATRIOT LEARNING CENTER,1110
6812,PAWNEE JUNIOR-SENIOR HIGH SCHOOL,3148
6814,PEABODY ELEMENTARY SCHOOL,140
6816,PEAK TO PEAK CHARTER SCHOOL,480
6820,PEAKVIEW ELEMENTARY SCHOOL,130
6828,PECK ELEMENTARY SCHOOL,1420
6830,NIVER CREEK MIDDLE SCHOOL,20
6834,PEETZ ELEMENTARY SCHOOL,1870
6838,PEETZ JUNIOR-SENIOR HIGH SCHOOL,1870
6844,PEIFFER ELEMENTARY SCHOOL,1420
6848,PENNINGTON ELEMENTARY SCHOOL,1420
6856,PENROSE ELEMENTARY SCHOOL,1010
6858,PENROSE ELEMENTARY SCHOOL,1150
6869,PEORIA ELEMENTARY SCHOOL,180
6898,PEYTON ELEMENTARY SCHOOL,1060
6902,PEYTON JUNIOR/SENIOR HIGH SCHOOL,1060
6912,PHILIPS ELEMENTARY SCHOOL,880
6913,THE PINNACLE CHARTER SCHOOL MIDDLE,8001
6914,THE PINNACLE CHARTER SCHOOL HIGH,8001
6935,PIKES PEAK SCHOOL EXPEDITIONARY LEARNING,1110
6936,PIKES PEAK ELEMENTARY SCHOOL,980
6937,PINE CREEK HIGH SCHOOL,1040
6938,PINE GROVE ELEMENTARY SCHOOL,900
6940,PINE LANE ELEMENTARY,900
6952,PINELLO ELEMENTARY SCHOOL,990
6953,PINON VALLEY ELEMENTARY SCHOOL,1020
6954,PIONEER ELEMENTARY SCHOOL,2405
6955,PINE RIDGE ELEMENTARY SCHOOL,130
6957,PIONEER CHARTER SCHOOL,880
6960,PIONEER ELEMENTARY SCHOOL,1040
6961,PIONEER ELEMENTARY SCHOOL,900
6962,PIONEER BILINGUAL ELEMENTARY SCHOOL,480
6963,PIONEER RIDGE ELEMENTARY SCHOOL,3110
6970,PITT-WALLER K-8 SCHOOL,880
6992,PLAINVIEW ELEMENTARY SCHOOL,1440
7009,PLAINVIEW JUNIOR-SENIOR HIGH SCHOOL,1440
7024,PLATEAU VALLEY ELEMENTARY SCHOOL,1990
7028,PLATEAU VALLEY MIDDLE SCHOOL,1990
7032,PLATEAU VALLEY HIGH SCHOOL,1990
7042,DEER CREEK ELEMENTARY SCHOOL,2600
7045,PLACE BRIDGE ACADEMY,880
7046,PLATTE CANYON HIGH SCHOOL,2600
7047,PLATTE RIVER CHARTER ACADEMY,900
7048,FITZSIMMONS MIDDLE SCHOOL,2600
7050,PLATTE VALLEY ELEMENTARY SCHOOL,2865
7052,PLATTE VALLEY ELEMENTARY SCHOOL,3130
7054,PLATTE VALLEY MIDDLE SCHOOL,3130
7056,PLATTEVILLE ELEMENTARY SCHOOL,3080
7058,SOUTH VALLEY MIDDLE SCHOOL,3080
7078,PLEASANT VIEW ELEMENTARY SCHOOL,1420
7082,PLEASANT VIEW ELEMENTARY SCHOOL,2035
7086,PLEASANT VIEW MIDDLE SCHOOL,2700
7091,PLUM CREEK ACADEMY,900
7096,ROXBOROUGH ELEMENTARY SCHOOL,900
7102,POLTON COMMUNITY ELEMENTARY SCHOOL,130
7104,POLARIS EXPEDITIONARY LEARNING SCHOOL,1550
7106,POMONA ELEMENTARY SCHOOL,2180
7110,POMONA ELEMENTARY SCHOOL,2000
7113,PONDEROSA ELEMENTARY,1560
7114,POMONA HIGH SCHOOL,1420
7116,PONDEROSA ELEMENTARY SCHOOL,130
7118,PONDEROSA HIGH SCHOOL,900
7124,POUDRE HIGH SCHOOL,1550
7127,POUDRE TRANSITION CENTER,1550
7128,POWDERHORN ELEMENTARY SCHOOL,1420
7129,PRAIRIE VIEW HIGH SCHOOL,40
7131,PRAIRIE VIEW MIDDLE SCHOOL,40
7133,PRAIRIE CREEKS CHARTER SCHOOL,60
7134,PRAIRIE CROSSING ELEMENTARY SCHOOL,900
7153,PRAIRIE WINDS ELEMENTARY SCHOOL,2700
7154,PRAIRIE ELEMENTARY SCHOOL,3147
7155,PRAIRIE HILLS ELEMENTARY SCHOOL,20
7156,PRAIRIE JUNIOR-SENIOR HIGH SCHOOL,3147
7157,PRAIRIE RIDGE ELEMENTARY SCHOOL,470
7158,PRAIRIE MIDDLE SCHOOL,130
7159,PRAIRIE HILLS ELEMENTARY SCHOOL,1040
7160,PRIMERO ELEMENTARY SCHOOL,1590
7161,PRESTON MIDDLE SCHOOL,1550
7163,PREP ASSESSMENT CENTER,880
7164,PRIMERO JUNIOR-SENIOR HIGH SCHOOL,1590
7165,PRAIRIE WINDS ELEMENTARY SCHOOL,1080
7174,PRITCHETT ELEMENTARY SCHOOL,240
7176,PRITCHETT MIDDLE SCHOOL,240
7180,PRITCHETT HIGH SCHOOL,240
7190,PROSPECT VALLEY ELEMENTARY SCHOOL,1420
7198,PSD ONLINE ACADEMY,1550
7199,P.S.1 CHARTER SCHOOL,880
7208,PUEBLO COUNTY HIGH SCHOOL,2700
7209,PUEBLO CHARTER SCHOOL FOR THE ARTS & SCIENCES,2690
7210,PUEBLO WEST ELEMENTARY SCHOOL,2700
7211,PUEBLO TECHNICAL ACADEMY,2700
7212,PUEBLO WEST MIDDLE SCHOOL,2700
7214,PUEBLO WEST HIGH SCHOOL,2700
7218,PUTNAM ELEMENTARY SCHOOL,1550
7228,QUEEN PALMER ELEMENTARY SCHOOL,1010
7232,AURORA QUEST ACADEMY,180
7236,R-5 HIGH SCHOOL,2000
7238,RALSTON ELEMENTARY SCHOOL,1420
7239,RALSTON VALLEY SENIOR HIGH SCHOOL,1420
7240,RAMPART HIGH SCHOOL,1040
7245,RANCH VIEW MIDDLE SCHOOL,900
7247,RANCH CREEK ELEMENTARY,1040
7250,RANGEVIEW HIGH SCHOOL,180
7268,PARKVIEW ELEMENTARY SCHOOL,2720
7272,RANGELY MIDDLE SCHOOL,2720
7276,RANGELY JUNIOR/SENIOR HIGH SCHOOL,2720
7277,RED HAWK RIDGE ELEMENTARY SCHOOL,130
7278,RICARDO FLORES MAGON ACADEMY,8001
7281,REDLANDS MIDDLE SCHOOL,2000
7282,RED ROCKS ELEMENTARY SCHOOL,1420
7290,RED FEATHER LAKES ELEMENTARY SCHOOL,1550
7296,RED SANDSTONE ELEMENTARY SCHOOL,910
7297,REDSTONE ELEMENTARY SCHOOL,900
7305,IVER C. RANUM MIDDLE SCHOOL,70
7317,REMINGTON ELEMENTARY SCHOOL,1110
7319,RENAISSANCE EXPEDITION LEARN OUTWARD BOUND SCHOOL,900
7322,REVERE JUNIOR-SENIOR HIGH SCHOOL,2865
7325,RICE ELEMENTARY SCHOOL,1550
7338,RIDGEVIEW ELEMENTARY SCHOOL,2020
7339,RIDGEVIEW ELEMENTARY SCHOOL,1110
7342,RIDGWAY ELEMENTARY SCHOOL,2590
7344,RIDGWAY MIDDLE SCHOOL,2590
7346,RIDGWAY HIGH SCHOOL,2590
7350,RIFFENBURGH ELEMENTARY SCHOOL,1550
7356,RIFLE MIDDLE SCHOOL,1195
7360,RIFLE HIGH SCHOOL,1195
7370,RISHEL MIDDLE SCHOOL,880
7388,RIVERSIDE SCHOOL,1195
7402,RIVERVIEW ELEMENTARY SCHOOL,1520
7422,ROARING FORK HIGH SCHOOL,1180
7435,ROCK CANYON HIGH SCHOOL,900
7442,ROCKY FORD JUNIOR/SENIOR HIGH SCHOOL,2530
7448,ROCKY HEIGHTS MIDDLE SCHOOL,900
7460,ROCKRIMMON ELEMENTARY SCHOOL,1040
7462,ROCKY MOUNTAIN ACADEMY OF EVERGREEN,1420
7463,ROCKY MOUNTAIN CLASSICAL ACADEMY,1110
7464,ROCKY MOUNTAIN ELEMENTARY SCHOOL,470
7467,ROCKY MOUNTAIN ELEMENTARY SCHOOL,2000
7470,ROCKY MOUNTAIN HIGH SCHOOL,1550
7476,ROLLING HILLS ELEMENTARY SCHOOL,130
7481,RONCALLI MIDDLE SCHOOL,2690
7482,ROOSEVELT EDISON CHARTER SCHOOL,1010
7483,ROONEY RANCH ELEMENTARY SCHOOL,1420
7490,ROOSEVELT HIGH SCHOOL,3110
7500,ROSE HILL ELEMENTARY SCHOOL,30
7512,ROSS MONTESSORI SCHOOL,8001
7513,RUDY ELEMENTARY SCHOOL,1010
7517,RUNNING CREEK ELEMENTARY SCHOOL,920
7518,RUNYON ELEMENTARY SCHOOL,140
7520,RUSSELL ELEMENTARY SCHOOL,1420
7523,RUSSELL MIDDLE SCHOOL,1010
7528,RYAN ELEMENTARY SCHOOL,480
7529,RYAN ELEMENTARY SCHOOL,1420
7530,RYE ELEMENTARY SCHOOL,2700
7532,CRAVER MIDDLE SCHOOL,2700
7534,RYE HIGH SCHOOL,2700
7554,SABIN WORLD SCHOOL,880
7556,SABIN MIDDLE SCHOOL,1010
7558,SABLE ELEMENTARY SCHOOL,180
7559,SAGEBRUSH ELEMENTARY SCHOOL,130
7562,SADDLE RANCH ELEMENTARY SCHOOL,900
7565,ST. VRAIN COMMUNITY MONTOSSORI SCHOOL,470
7568,SALIDA HIGH SCHOOL,500
7578,SAMUELS ELEMENTARY SCHOOL,880
7584,SANBORN ELEMENTARY SCHOOL,470
7588,CENTENNIAL ELEMENTARY SCHOOL,640
7592,SANCHEZ ELEMENTARY SCHOOL,480
7606,SANDBURG ELEMENTARY SCHOOL,140
7610,SAND CREEK ELEMENTARY SCHOOL,900
7611,SAND CREEK ELEMENTARY SCHOOL,980
7612,SANFORD ELEMENTARY SCHOOL,560
7613,SAND CREEK HIGH SCHOOL,1110
7616,SANFORD JUNIOR/SENIOR HIGH SCHOOL,560
7626,SANGRE DE CRISTO ELEMENTARY SCHOOL,110
7630,SANGRE DE CRISTO UNDIVIDED HIGH SCHOOL,110
7640,SARAH MILNER ELEMENTARY SCHOOL,1560
7650,STANSBERRY ELEMENTARY SCHOOL,1560
7660,SARGENT ELEMENTARY SCHOOL,2750
7664,SARGENT SENIOR HIGH SCHOOL,2750
7668,SARGENT JUNIOR HIGH SCHOOL,2750
7694,CHARLES M. SCHENCK (CMS) COMMUNITY SCHOOL,880
7698,SCHMITT ELEMENTARY SCHOOL,880
7700,SCOTT ELEMENTARY SCHOOL,3120
7701,COLLEGIATE ACADEMY OF COLORADO,1420
7705,SCOTT ELEMENTARY SCHOOL,1010
7708,SECREST ELEMENTARY SCHOOL,1420
7714,SECOND CREEK ELEMENTARY SCHOOL,40
7718,SEDALIA ELEMENTARY SCHOOL,900
7746,HI PLAINS UNDIVIDED HIGH SCHOOL,1460
7748,KEATING CONTINUING EDUCATION,2690
7753,SEMPER ELEMENTARY SCHOOL,1420
7755,SEVERANCE MIDDLE SCHOOL,3100
7764,SEVENTH STREET ELEMENTARY SCHOOL,890
7780,SHAFFER ELEMENTARY SCHOOL,1420
7789,SILVER CREEK HIGH SCHOOL,470
7794,SHANNER ELEMENTARY SCHOOL,2670
7795,SILVER CREEK ELEMENTARY,20
7810,FLYNN ELEMENTARY SCHOOL,70
7812,SHAW HEIGHTS MIDDLE SCHOOL,70
7814,SHAWSHEEN ELEMENTARY SCHOOL,3120
7832,SHELLEDY ELEMENTARY SCHOOL,2000
7833,SHELTON ELEMENTARY SCHOOL,1420
7834,SHEPARDSON ELEMENTARY SCHOOL,1550
7837,SHERIDAN MIDDLE SCHOOL,123
7842,SHERIDAN HIGH SCHOOL,123
7860,SHERRELWOOD ELEMENTARY SCHOOL,70
7865,SIDE CREEK ELEMENTARY SCHOOL,180
7870,SIERRA ELEMENTARY SCHOOL,1420
7876,SIERRA GRANDE ELEMENTARY SCHOOL,740
7878,SIERRA GRANDE MIDDLE SCHOOL,740
7879,SOUTHERN COLORADO EARLY COLLEGE,2700
7880,SIERRA GRANDE SENIOR HIGH SCHOOL,740
7882,SIERRA HIGH SCHOOL,980
7886,SIERRA VISTA ELEMENTARY SCHOOL,2700
7890,CACTUS VALLEY ELEMENTARY SCHOOL,1195
7891,SILVERHEELS MIDDLE SCHOOL,2610
7900,SILVERTON ELEMENTARY SCHOOL,2820
7902,SILVERTON MIDDLE SCHOOL,2820
7904,SILVERTON HIGH SCHOOL,2820
7914,SIMLA ELEMENTARY SCHOOL,940
7918,SIMLA JUNIOR HIGH SCHOOL,940
7922,SIMLA HIGH SCHOOL,940
7925,SINGING HILLS ELEMENTARY SCHOOL,920
7932,SIXTH AVENUE ELEMENTARY SCHOOL,180
7942,SKINNER MIDDLE SCHOOL,880
7947,SKYLAND COMMUNITY HIGH SCHOOL,880
7950,SKYLINE ELEMENTARY SCHOOL,1140
7952,SKYLINE VISTA ELEMENTARY SCHOOL,70
7954,SKYLINE HIGH SCHOOL,470
7958,SKYVIEW ELEMENTARY SCHOOL,3100
7960,SKYVIEW MIDDLE SCHOOL,1110
7962,SLATER ELEMENTARY SCHOOL,1420
7972,SLAVENS K-8 SCHOOL,880
7992,SMILEY MIDDLE SCHOOL,880
7994,ESCALANTE MIDDLE SCHOOL,1520
8006,SMITH ELEMENTARY SCHOOL,880
8010,SPRINGS RANCH ELEMENTARY SCHOOL,1110
8020,SMOKY HILL HIGH SCHOOL,130
8030,SOMERLID ELEMENTARY SCHOOL,2690
8032,JOHN W THIMMIG ELEMENTARY SCHOOL,40
8034,SOARING EAGLES ELEMENTARY SCHOOL,980
8036,SOBESKY ACADEMY,1420
8038,SOPRIS ELEMENTARY SCHOOL,1180
8048,SOROCO MIDDLE SCHOOL,2780
8050,SOROCO HIGH SCHOOL,2780
8053,SOAR,880
8054,HENRY WORLD SCHOOL GRADES 6-8,880
8060,SOUTH ELEMENTARY SCHOOL,40
8064,MOODY ELEMENTARY SCHOOL,140
8078,SOUTH MIDDLE SCHOOL,180
8082,SOUTH HIGH SCHOOL,2690
8085,WEST DENVER PREP:  FEDERAL CAMPUS,880
8086,SOUTH HIGH SCHOOL,880
8090,DEANE ELEMENTARY SCHOOL,1420
8102,SOUTH LAKEWOOD ELEMENTARY SCHOOL,1420
8106,SOARING HAWK ELEMENTARY SCHOOL,900
8110,SOUTH MESA ELEMENTARY SCHOOL,2700
8114,EDITH TETER ELEMENTARY SCHOOL,2610
8116,SOUTH PARK ELEMENTARY SCHOOL,2690
8118,SOUTH PARK HIGH SCHOOL,2610
8120,SOUTH ROUTT ELEMENTARY SCHOOL,2780
8122,VENETUCCI ELEMENTARY SCHOOL,990
8126,SOUTH STREET ELEMENTARY SCHOOL,900
8130,SOUTHEAST ELEMENTARY SCHOOL,40
8132,SOUTHWEST EARLY COLLEGE CHARTER SCHOOL,880
8133,SOUTHWEST OPEN CHARTER SCHOOL,2035
8135,SOUTHERN HILLS MIDDLE SCHOOL,480
8138,SOUTHMOOR ELEMENTARY SCHOOL,880
8140,SPANGLER ELEMENTARY SCHOOL,470
8143,SPANN ELEMENTARY SCHOOL,2690
8145,SUMMIT ACADEMY,880
8160,SPRINGFIELD ELEMENTARY SCHOOL,250
8164,SPRINGFIELD JUNIOR HIGH SCHOOL,250
8168,SPRINGFIELD HIGH SCHOOL,250
8178,SPROUL JUNIOR HIGH SCHOOL,990
8208,SODA CREEK ELEMENTARY SCHOOL,2770
8209,STANDLEY LAKE HIGH SCHOOL,1420
8210,STEAMBOAT SPRINGS MIDDLE SCHOOL,2770
8211,THE STUDIO SCHOOL,20
8212,STEAMBOAT SPRINGS HIGH SCHOOL,2770
8222,STECK ELEMENTARY SCHOOL,880
8225,STELLAR ELEMENTARY SCHOOL,20
8232,STEDMAN ELEMENTARY SCHOOL,880
8242,STEELE ELEMENTARY SCHOOL,880
8246,STEELE ELEMENTARY SCHOOL,1010
8248,STEIN ELEMENTARY SCHOOL,1420
8256,STERLING MIDDLE SCHOOL,1828
8260,STERLING HIGH SCHOOL,1828
8266,STETSON ELEMENTARY SCHOOL,1110
8272,STEVENS ELEMENTARY SCHOOL,1420
8274,GRAND VALLEY MIDDLE SCHOOL,1220
8275,STEM SCHOOL,20
8276,STOBER ELEMENTARY SCHOOL,1420
8280,STONY CREEK ELEMENTARY SCHOOL,1420
8300,STOTT ELEMENTARY SCHOOL,1420
8318,STOVE PRAIRIE ELEMENTARY SCHOOL,1550
8328,STRASBURG ELEMENTARY SCHOOL,60
8332,HEMPHILL MIDDLE SCHOOL,60
8334,STRASBURG HIGH SCHOOL,60
8337,STRATMOOR HILLS ELEMENTARY SCHOOL,980
8342,STRATTON ELEMENTARY SCHOOL,1480
8346,STRATTON ELEMENTARY SCHOOL,1010
8350,STRATTON MEADOWS ELEMENTARY SCHOOL,980
8351,STRATTON MIDDLE SCHOOL,1480
8354,STRATTON SENIOR HIGH SCHOOL,1480
8356,WILLIAM SMITH HIGH SCHOOL,180
8358,STRAWBERRY PARK ELEMENTARY SCHOOL,2770
8359,SPACE TECHNOLOGY AND ARTS ACADEMY (STAR ACADEMY),1010
8361,STUKEY ELEMENTARY SCHOOL,20
8370,DILLON VALLEY ELEMENTARY SCHOOL,3000
8372,BRECKENRIDGE ELEMENTARY SCHOOL,3000
8374,FRISCO ELEMENTARY SCHOOL,3000
8375,SUMMIT ALTERNATIVE HIGH SCHOOL,3000
8376,SILVERTHORNE ELEMENTARY SCHOOL,3000
8377,SUMMIT MIDDLE SCHOOL,3000
8378,SUMMIT HIGH SCHOOL,3000
8379,SUMMIT ELEMENTARY SCHOOL,3020
8380,SUMMIT ELEMENTARY SCHOOL,130
8381,SUMMIT RIDGE MIDDLE SCHOOL,1420
8382,SUMMIT VIEW ELEMENTARY SCHOOL,900
8385,SUMMIT COVE ELEMENTARY SCHOOL,3000
8387,SUMMIT MIDDLE CHARTER SCHOOL,480
8388,SUNNYSIDE ELEMENTARY SCHOOL,1520
8392,SUNRISE ELEMENTARY SCHOOL,990
8394,SUNRISE ELEMENTARY SCHOOL,130
8398,SUNSET ELEMENTARY SCHOOL,2020
8402,SUNSET PARK ELEMENTARY SCHOOL,2690
8406,SUNSET RIDGE ELEMENTARY SCHOOL,70
8418,SUPERIOR ELEMENTARY SCHOOL,480
8419,SURFACE CREEK VISION SCHOOL,870
8420,SWALLOWS CHARTER ACADEMY,2700
8422,SWANSEA ELEMENTARY SCHOOL,880
8432,SWANSON ELEMENTARY SCHOOL,1420
8452,SWINK ELEMENTARY SCHOOL,2570
8456,SWINK JUNIOR-SENIOR HIGH SCHOOL,2570
8457,JACK SWIGERT AEROSPACE ACADEMY,1010
8459,RANGE VIEW ELEMENTARY,3100
8460,TAVELLI ELEMENTARY SCHOOL,1550
8462,TAYLOR ELEMENTARY SCHOOL,2000
8466,TAYLOR ELEMENTARY SCHOOL,1010
8776,TELLER ELEMENTARY SCHOOL,880
8779,TCA COLLEGE PATHWAYS,1040
8786,TELLURIDE ELEMENTARY SCHOOL,2830
8790,TELLURIDE MIDDLE SCHOOL,2830
8791,VISTA RIDGE HIGH SCHOOL,1110
8793,TWO ROADS CHARTER SCHOOL,1420
8794,TELLURIDE HIGH SCHOOL,2830
8798,TENNYSON KNOLLS ELEMENTARY SCHOOL,70
8810,THE CONNECT CHARTER SCHOOL,2700
8813,THE DA VINCI ACADEMY SCHOOL,1040
8820,TURNBERRY ELEMENTARY,40
8822,THOMAS JEFFERSON HIGH SCHOOL,880
8824,THOMPSON VALLEY HIGH SCHOOL,1560
8825,THOMAS MACLAREN STATE CHARTER SCHOOL,8001
8832,THOMSON PRIMARY SCHOOL,2395
8834,THOMSON ELEMENTARY SCHOOL,1420
8842,THORNTON ELEMENTARY SCHOOL,20
8846,THUNDER MOUNTAIN ELEMENTARY SCHOOL,2000
8847,THUNDERRIDGE HIGH SCHOOL,900
8848,THUNDER RIDGE MIDDLE SCHOOL,130
8849,TIGER LEARNING CENTER,2520
8850,TIMBERLINE ELEMENTARY SCHOOL,130
8851,TIMBERVIEW MIDDLE SCHOOL,1040
8852,TIMNATH ELEMENTARY SCHOOL,1550
8853,TIMBER TRAIL ELEMENTARY SCHOOL,900
8855,THOMPSON ONLINE,1560
8858,TOLLGATE ELEMENTARY SCHOOL,180
8876,TOPE ELEMENTARY SCHOOL,2000
8886,TOZER ELEMENTARY SCHOOL,3100
8887,TRAILS WEST ELEMENTARY SCHOOL,130
8888,TRAYLOR ELEMENTARY SCHOOL,880
8890,TRADEMARK LEARNING CENTER,3120
8897,TRAILBLAZER ELEMENTARY SCHOOL,900
8902,TRAILBLAZER ELEMENTARY SCHOOL,1010
8903,TRAIL RIDGE MIDDLE SCHOOL,470
8906,TRINIDAD HIGH SCHOOL,1580
8909,TREVISTA ECE-8 AT HORACE MANN,880
8918,TRUSCOTT ELEMENTARY SCHOOL,1560
8923,TURMAN ELEMENTARY SCHOOL,980
8925,TURNER MIDDLE SCHOOL,1560
8927,TWIN PEAKS CHARTER ACADEMY,470
8929,PIKES PEAK PREP,8001
8930,TWOMBLY ELEMENTARY SCHOOL,3140
8960,UNDERWOOD ELEMENTARY SCHOOL,2730
8965,UNION COLONY PREPARATORY SCHOOL,3120
8970,UNIVERSITY PARK ELEMENTARY SCHOOL,880
8978,UNIVERSITY HILL ELEMENTARY SCHOOL,480
8993,UPPER BLUE ELEMENTARY SCHOOL,3000
9008,UTE MEADOWS ELEMENTARY SCHOOL,1420
9010,UTE PASS ELEMENTARY SCHOOL,1030
9032,VALLEY HIGH SCHOOL,3080
9036,VALLEY VIEW K-8,10
9050,VALVERDE ELEMENTARY SCHOOL,880
9051,THE VANGUARD SCHOOL (MIDDLE),8001
9052,VAN ARSDALE ELEMENTARY SCHOOL,1420
9055,VAN BUREN ELEMENTARY SCHOOL,1560
9056,VANGUARD CLASSICAL SCHOOL,180
9057,THE VANGUARD SCHOOL (HIGH),8001
9058,VANDERHOOF ELEMENTARY SCHOOL,1420
9059,VASSAR ELEMENTARY SCHOOL,180
9060,VAUGHN ELEMENTARY SCHOOL,180
9061,VAIL SKI AND SNOWBOARD ACADEMY (USSA),910
9080,CRESSON ELEMENTARY SCHOOL,3010
9083,VISTA PEAK P-8 EXPLORATORY,180
9085,V.I.L.A.S. ONLINE SCHOOL,260
9090,VILAS ELEMENTARY SCHOOL,260
9100,VILAS UNDIVIDED HIGH SCHOOL,260
9108,VILLAGE EAST COMMUNITY ELEMENTARY SCHOOL,130
9125,VISTA PEAK 9-12 PREPARATORY,180
9130,VINELAND ELEMENTARY SCHOOL,2700
9134,VINELAND MIDDLE SCHOOL,2700
9140,VIRGINIA COURT ELEMENTARY SCHOOL,180
9146,NORTH FORK VISION SCHOOL,870
9149,VISTA CHARTER SCHOOL,2180
9154,VIVIAN ELEMENTARY SCHOOL,1420
9164,HI PLAINS ELEMENTARY SCHOOL,1460
9188,W H HEATON MIDDLE SCHOOL,2690
9198,WALDEN ELEMENTARY SCHOOL,1410
9200,WALNUT HILLS COMMUNITY ELEMENTARY SCHOOL,130
9212,JOHN MALL JUNIOR-SENIOR HIGH SCHOOL,1390
9222,WALSH ELEMENTARY SCHOOL,230
9226,WALSH HIGH SCHOOL,230
9228,WALT CLARK MIDDLE SCHOOL,1560
9230,VIKAN MIDDLE SCHOOL,40
9231,WAMSLEY ELEMENTARY SCHOOL,1195
9232,WARDER ELEMENTARY SCHOOL,1420
9234,WARREN OCCUPATION TECHNICAL CENTER,1420
9245,WARREN TECH NORTH,1420
9248,WASHINGTON ELEMENTARY SCHOOL,1140
9251,TRAUT CORE ELEMENTARY SCHOOL,1550
9260,HAROLD FERGUSON HIGH SCHOOL,1560
9263,WIGGINS MIDDLE SCHOOL,2515
9264,WASHINGTON PRIMARY SCHOOL,2530
9268,WASHINGTON ELEMENTARY SCHOOL,2660
9294,WATSON JUNIOR HIGH SCHOOL,990
9298,WASSON HIGH SCHOOL,1010
9299,WAYNE CARLE MIDDLE SCHOOL,1420
9328,WEBER ELEMENTARY SCHOOL,1420
9330,WEBBER MIDDLE SCHOOL,1550
9334,WEBSTER ELEMENTARY SCHOOL,990
9336,WEST DENVER PREP - HIGHLAND CAMPUS,880
9342,WELCHESTER ELEMENTARY SCHOOL,1420
9347,WELD CENTRAL JUNIOR HIGH SCHOOL,3090
9352,WELDON VALLEY ELEMENTARY SCHOOL,2505
9356,WELDON VALLEY JUNIOR HIGH SCHOOL,2505
9360,WELDON VALLEY HIGH SCHOOL,2505
9370,EYESTONE ELEMENTARY SCHOOL,1550
9374,WELLINGTON MIDDLE SCHOOL,1550
9380,WERNER ELEMENTARY SCHOOL,1550
9389,WEST DENVER PREP: HARVEY PARK CAMPUS,880
9390,WEST DENVER PREP - LAKE CAMPUS,880
9396,AURORA WEST COLLEGE PREPARATORY ACADEMY,180
9404,WEST INTERGENERATIONAL CENTER,1010
9406,WEST MIDDLE SCHOOL,2000
9408,WEST HIGH SCHOOL,880
9412,WESTGATE ELEMENTARY SCHOOL,1420
9416,WEST GRAND ELEMENTARY SCHOOL,1340
9420,WEST GRAND HIGH SCHOOL,1340
9422,WEST GRAND MIDDLE SCHOOL,1340
9424,WEST JEFFERSON ELEMENTARY SCHOOL,1420
9425,WESTERLY CREEK ELEMENTARY,880
9426,WEST RIDGE ELEMENTARY,40
9427,WOODROW WILSON CHARTER ACADEMY,1420
9428,WEST JEFFERSON MIDDLE SCHOOL,1420
9429,WEST WOODS ELEMENTARY SCHOOL,1420
9430,WESTVIEW MIDDLE SCHOOL,470
9431,WESTGATE CHARTER,20
9432,DENNISON ELEMENTARY SCHOOL,1420
9434,SCENIC ELEMENTARY SCHOOL,2000
9444,WESTLAKE MIDDLE SCHOOL,20
9445,WEST ELEMENTARY SCHOOL,1010
9462,WESTMINSTER ELEMENTARY SCHOOL,70
9466,WESTMINSTER HIGH SCHOOL,70
9486,WESTPARK ELEMENTARY SCHOOL,1510
9490,WESTRIDGE ELEMENTARY SCHOOL,1420
9494,WESTVIEW ELEMENTARY SCHOOL,20
9496,CASTRO ELEMENTARY SCHOOL,880
9506,WHEAT RIDGE MIDDLE SCHOOL,1420
9510,WHEAT RIDGE HIGH SCHOOL,1420
9514,WHEELING ELEMENTARY SCHOOL,180
9544,WHITTIER ELEMENTARY SCHOOL,480
9548,WHITTIER K-8 SCHOOL,880
9560,DISCOVERY HIGH SCHOOL,990
9562,WIDEFIELD ELEMENTARY SCHOOL,990
9566,WIDEFIELD HIGH SCHOOL,990
9576,WIGGINS ELEMENTARY SCHOOL,2515
9582,WIGGINS HIGH SCHOOL,2515
9592,WILDCAT MOUNTAIN ELEMENTARY SCHOOL,900
9600,WILDER ELEMENTARY SCHOOL,140
9602,WILDFLOWER ELEMENTARY SCHOOL,980
9604,WILEY ELEMENTARY SCHOOL,2680
9608,WILEY JUNIOR-SENIOR HIGH SCHOOL,2680
9610,WEIKEL ELEMENTARY SCHOOL,1000
9618,ROGERS ELEMENTARY SCHOOL,1010
9620,WM E BISHOP ELEMENTARY SCHOOL,120
9623,WILLIAM (BILL) ROBERTS K-8 SCHOOL,880
9624,WILLOW CREEK ELEMENTARY SCHOOL,130
9638,WILMORE DAVIS ELEMENTARY SCHOOL,1420
9648,WILMOT ELEMENTARY SCHOOL,1420
9660,WILSON ELEMENTARY SCHOOL,1010
9665,WINDSOR CHARTER ACADEMY,3100
9670,WINDSOR MIDDLE SCHOOL,3100
9672,WINDSOR HIGH SCHOOL,3100
9673,WINGATE ELEMENTARY SCHOOL,2000
9674,WINONA ELEMENTARY SCHOOL,1560
9678,WITT ELEMENTARY SCHOOL,1420
9682,WOODGLEN ELEMENTARY SCHOOL,20
9692,GATEWAY ELEMENTARY SCHOOL,3020
9694,WOODLAND PARK MIDDLE SCHOOL,3020
9696,WOODLAND PARK HIGH SCHOOL,3020
9698,COLUMBINE ELEMENTARY SCHOOL,3020
9700,WOODLIN ELEMENTARY SCHOOL,3070
9704,WOODLIN UNDIVIDED HIGH SCHOOL,3070
9706,WOODMEN HILLS ELEMENTARY SCHOOL,1110
9714,WOODMEN-ROBERTS ELEMENTARY SCHOOL,1040
9725,WRAY ELEMENTARY SCHOOL,3210
9729,BUCHANAN MIDDLE SCHOOL,3210
9733,WRAY HIGH SCHOOL,3210
9739,WYATT-EDISON CHARTER ELEMENTARY SCHOOL,880
9756,YALE ELEMENTARY SCHOOL,180
9757,YAMPA VALLEY SCHOOL,2770
9785,YOUTH & FAMILY ACADEMY CHARTER,2690
9791,YUMA MIDDLE SCHOOL,3200
9795,KENNETH P MORRIS ELEMENTARY SCHOOL,3200
9799,YUMA HIGH SCHOOL,3200
9800,ZERGER ELEMENTARY SCHOOL,1420
9999,COLORADO SCHOOL FOR THE DEAF AND BLIND,9000
5255,LAKE INTERNATIONAL SCHOOL,880
3439,GLOBAL VILLAGE ACADEMY,20
6802,PROSPECT RIDGE ACADEMY,20
115,ALAMOSA ELEMENTARY SCHOOL,100
368,ALAMOSA OMBUDSMAN SCHOOL OF EXCELLENCE,100
419,CANON ONLINE ACADEMY,1140
1368,CENTER VIRTUAL ACADEMY,2810
5453,MOUNTAIN MIDDLE SCHOOL,8001
2293,DELTA COUNTY VIRTUAL ACADEMY,870
1295,COLLEGIATE PREPARATORY ACADEMY,880
2209,DCIS AT MONTBELLO,880
2188,DENVER CENTER FOR 21ST LEARNING AT WYMAN,880
2223,DSST: COLE,880
2757,HIGH TECH EARLY COLLEGE,880
4507,KIPP MONTBELLO COLLEGE PREP,880
6239,NOEL COMMUNITY ARTS SCHOOL,880
8995,VISTA ACADEMY,880
135,BEN FRANKLIN ACADEMY,900
5259,STEM MIDDLE & HIGH SCHOOL,900
9701,WORLD ACADEMY,910
2825,ENG@GE ONLINE ACADEMY,3120
9611,WEST RIDGE ACADEMY,3120
3870,HIGH SCHOOL PREPARATORY ACADEMY,980
8223,STEVENS ELEMENTARY SCHOOL,1420
9515,WHEAT RIDGE 58,1420
3604,GRANDE RIVER VIRTUAL ACADEMY,2000
6262,PEAK VIRTUAL ACADEMY,2180
5990,70 ONLINE,2700
1554,CREST ACADEMY,500
71,ASPEN RIDGE PREPATORY SCHOOL,470
5181,RED HAWK ELEMENTARY,470
7839,ST. VRAIN GLOBAL ONLINE ACADEMY,470
5235,LOVELAND CLASSICAL SCHOOL,1560
,,
70,ADAMS12 FIVE STAR PRESCHOOL,20
124,STARS EARLY LEARNING CENTER,30
447,ASPEN PRE-SCHOOL,2640
489,BACKPACK EARLY LEARNING ACADEMY,870
1596,CANON ELEMENTARY SCHOOL,1020
3585,GRAND VALLEY CENTER FOR FAMILY LEARNING,1220
3729,HAGEN EARLY EDUCATION CENTER,1828
4084,LINCOLN PARK PRESCHOOL,2000
4385,JAMAICA CHILD DEVELOPMENT CENTER,180
4495,JUMP START LEARNING CENTER,290
5221,LITTLE INDIANS PRESCHOOL,3200
5393,THOMPSON INTEGRATED EARLY CHILDHOOD,1560
5777,MELVIN HENDRICKSON DEVELOPMENT CENTER,2660
6055,CAREER CENTER PRESCHOOL,2000
7285,RED TABLE EARLY LEARNING CENTER,910
7725,SD 27J PRESCHOOL AT THE BRIGHTON LRC,40
7924,SINGING HILLS PRESCHOOL,920
8119,SOUTH ROUTT EARLY LEARNING CENTER,2780
1555,CLOVERLEAF HOME EDUCATION,900
1799,CAMERON SCHOOL,3120
2205,DCIS AT FORD,880
2349,ESCALANTE-BIGGS ACADEMY,880
5751,MEADOWOOD CHILD DEVELOPMENT CENTER,180
8131,SOAR AT OAKLAND,880
8149,STEPHEN KNIGHT CENTER FOR EARLY EDUCATION,880
8453,SWIGERT-MCAULIFFE INTERNATIONAL ECE-8,880
8945,UNIVERSITY PREP,880
